Start_Index,Act_No,Title_EN,Title_BM,Royal_Assent_Date,Publication_Date,Commencement_Date,Commencement_Remark,PDF_URL
0,A1767,CONSTITUTION (AMENDMENT) (NO. 2) ACT 2025,AKTA PERLEMBAGAAN (PINDAAN) (NO. 2) 2025,09/07/2025,18/07/2025,,NOT YET IN FORCE,https://lom.agc.gov.my/upload/portal/akta/outputaktap/2969198_BI/Act A1767- CONSTITUTION (AMENDMENT) (NO.2) ACT 2025.pdf
1,A1766,COMMERCIAL VEHICLES LICENSING BOARD (AMENDMENT) ACT 2025,AKTA LEMBAGA PELESENAN KENDERAAN PERDAGANGAN (PINDAAN) 2025,26/06/2025,09/07/2025,10/07/2025,,https://lom.agc.gov.my/upload/portal/akta/outputaktap/2951598_BI/COMMERCIAL VEHICLES LICENSING BOARD (AMENDMENT) ACT 2025.pdf
2,A1765,TUNKU ABDUL RAHMAN FOUNDATION FUND (AMENDMENT) ACT 2025,AKTA KUMPULAN WANG YAYASAN TUNKU ABDUL RAHMAN (PINDAAN) 2025,27/05/2025,06/06/2025,15/06/2025,,https://lom.agc.gov.my/upload/portal/akta/outputaktap/2899249_BI/Act A1765 - TUNKU ABDUL RAHMAN FOUNDATION FUND (AMENDMENT) ACT 2025.pdf
3,A1764,FIRE SERVICES (AMENDMENT) ACT 2025,AKTA PERKHIDMATAN BOMBA (PINDAAN) 2025,06/05/2025,22/05/2025,,"(a)	1 July 2025 as the date on which sections 5, 6, 7, 8, 9, 10, 12, 13, 14, 15, 16, 17 and 18 of the Act come into operation; and

(b)	1 January 2026 as the date on which sections 2, 3, 4, 11, 19, 20 and 21 of the Act come into operation.",https://lom.agc.gov.my/upload/portal/akta/outputaktap/2867128_BI/Act A1764- Fire Services (Amendment) Act 2025.pdf
4,A1763,SUPPLEMENTARY SUPPLY (2024) ACT 2025,AKTA PERBEKALAN TAMBAHAN (2024) 2025,24/04/2025,14/05/2025,15/05/2025,,https://lom.agc.gov.my/upload/portal/akta/outputaktap/2844057_BI/Act A1763- SUPPLEMENTARY SUPPLY (2024) ACT 2025.pdf
5,A1762,BERNAMA (AMENDMENT) ACT 2025,AKTA BERNAMA (PINDAAN) 2025,24/04/2025,14/05/2025,,14/6/2025 [P.U. (B) 220/2025,https://lom.agc.gov.my/upload/portal/akta/outputaktap/2843895_BI/Act A1762- BERNAMA (AMENDMENT) ACT 2025.pdf
6,A1761,"ANTI-MONEY LAUNDERING, ANTI-TERRORISM FINANCING AND PROCEEDS OF UNLAWFUL
ACTIVITIES (AMENDMENT) ACT 2025","AKTA PENCEGAHAN PENGUBAHAN WANG HARAM, PENCEGAHAN PEMBIAYAAN KEGANASAN DAN
HASIL DARIPADA AKTIVITI HARAM
(PINDAAN) 2025",24/04/2025,14/05/2025,,NOT YET IN FORCE,"https://lom.agc.gov.my/upload/portal/akta/outputaktap/2843970_BI/Act A1761- ANTI-MONEY LAUNDERING, ANTI-TERRORISM FINANCING DAN PROCEEDS ON UNLAWFUL ACTIVITIES (AMENDMENT) ACT 2025.pdf"
7,A1760,EMPLOYEES PROVIDENT FUND (AMENDMENT) ACT 2025,AKTA KUMPULAN WANG SIMPANAN PEKERJA (PINDAAN) 2025,24/04/2025,14/05/2025,,1/10/2025 [P.U. (B) 354/2025],https://lom.agc.gov.my/upload/portal/akta/outputaktap/2844030_BI/Act A1760- EMPLOYEES PROVIDED FUND (AMENDMENT) ACT 2025.pdf
8,A1759,LABUAN LIMITED PARTNERSHIPS AND LIMITED LIABILITY PARTNERSHIPS (AMENDMENT) ACT 2025,"AKTA PERKONGSIAN TERHAD DAN
PERKONGSIAN LIABILITI TERHAD LABUAN (PINDAAN) 2025",08/04/2025,22/04/2025,23/04/2025,,https://lom.agc.gov.my/upload/portal/akta/outputaktap/2813222_BI/A1759 BI- LABUAN LIMITED PARTNERSHIPS AND LIMITED LIABILITY PARTNERSHIPS (AMENDMENT) ACT 2025.pdf
9,A1758,LABUAN FOUNDATIONS (AMENDMENT) ACT 2025,AKTA YAYASAN LABUAN (PINDAAN) 2025,08/04/2025,22/04/2025,23/04/2025,,https://lom.agc.gov.my/upload/portal/akta/outputaktap/2813196_BI/A1758 BI - LABUAN FOUNDATIONS (AMENDMENT) ACT 2025.pdf
10,A1757,LABUAN TRUSTS (AMENDMENT) ACT 2025,AKTA AMANAH LABUAN (PINDAAN) 2025,08/04/2025,22/04/2025,23/04/2025,,https://lom.agc.gov.my/upload/portal/akta/outputaktap/2813180_BI/A1757 BI - LABUAN TRUSTS (AMENDMENT) ACT 2025.pdf
11,A1756,LABUAN COMPANIES (AMENDMENT) ACT 2025,AKTA SYARIKAT LABUAN (PINDAAN) 2025,08/04/2025,22/04/2025,23/04/2025,,https://lom.agc.gov.my/upload/portal/akta/outputaktap/2813155_BI/A1756 BI - LABUAN COMPANIES (AMENDMENT) ACT 2025.pdf
12,A1755,LEGAL PROFESSION (AMENDMENT) ACT 2025,"AKTA PROFESION UNDANG-UNDANG
(PINDAAN) 2025",08/04/2025,22/04/2025,09/05/2025,,https://lom.agc.gov.my/upload/portal/akta/outputaktap/2813233_BI/A1755 BI- LEGAL PROFESSION (AMENDMENT) ACT 2025.pdf
13,A1754,LABOUR ORDINANCE OF SARAWAK (AMENDMENT) ACT 2025,AKTA ORDINAN BURUH SARAWAK (PINDAAN) 2025,20/03/2025,14/04/2025,01/05/2025,,https://lom.agc.gov.my/upload/portal/akta/outputaktap/2790645_BI/Act A1754 LABOUR ORDINANCE OF SARAWAK (AMENDMENT) ACT 2025.pdf
14,A1753,LABOUR ORDINANCE OF SABAH (AMENDMENT) ACT 2025,AKTA ORDINAN BURUH SABAH (PINDAAN) 2025,07/03/2025,20/03/2025,01/05/2025,,https://lom.agc.gov.my/upload/portal/akta/outputaktap/2759697_BI/A1753 -Labour Ordinance of Sabah (Amendment) Act 2025.pdf
15,A1752,CONSTITUTION (AMENDMENT) ACT 2025,AKTA PERLEMBAGAAN (PINDAAN) 2025,07/03/2025,20/03/2025,,NOT YET IN FORCE,https://lom.agc.gov.my/upload/portal/akta/outputaktap/2759695_BI/A1752 Constitution (Amendment) Act 2025.pdf
16,A1751,CRIMINAL PROCEDURE CODE (AMENDMENT) ACT 2025,AKTA KANUN TATACARA JENAYAH (PINDAAN) 2025,25/02/2025,07/03/2025,11/07/2025,,https://lom.agc.gov.my/upload/portal/akta/outputaktap/2731057_BI/Criminal Procedure Code (Amendment) Act 2025 A1751.pdf
17,A1750,PENAL CODE (AMENDMENT) ACT 2025,AKTA KANUN KESEKSAAN (PINDAAN) 2025,25/02/2025,07/03/2025,11/07/2025,,https://lom.agc.gov.my/upload/portal/akta/outputaktap/2731052_BI/Penal Code (Amendment) Act 2025 A1750.pdf
18,A1749,"ADMINISTRATION OF ISLAMIC LAW
(FEDERAL TERRITORIES) (AMENDMENT) ACT 2025",AKTA PENTADBIRAN UNDANG-UNDANG ISLAM (WILAYAH-WILAYAH PERSEKUTUAN (PINDAAN) 2025,07/02/2025,21/02/2025,01/07/2025,,https://lom.agc.gov.my/upload/portal/akta/outputaktap/2694479_BI/Act A1749 BI -ADMINISTRATION OF ISLAMIC LAW (FEDERAL TERRITORIES) (AMENDMENT) ACT 2025.pdf
19,A1748,NATIONAL WAGES CONSULTATIVE COUNCIL (AMENDMENT) ACT 2025,AKTA MAJLIS PERUNDINGAN GAJI NEGARA (PINDAAN) 2025,05/02/2025,20/02/2025,01/08/2025,,https://lom.agc.gov.my/upload/portal/akta/outputaktap/2687069_BI/A1748-BI- NATIONAL WAGES CONSULTATIVE COUNCIL (AMENDMENT) ACT 2025.pdf
20,A1747,"SYARIAH COURT CIVIL PROCEDURE
(FEDERAL TERRITORIES) (AMENDMENT) ACT 2025",AKTA TATACARA MAL MAHKAMAH SYARIAH (WILAYAH-WILAYAH PERSEKUTUAN) (PINDAAN) 2025,05/02/2025,20/02/2025,01/07/2025,,https://lom.agc.gov.my/upload/portal/akta/outputaktap/2687066_BI/A1747-BI- SYARIAH COURT CIVIL PROCEDURE (FEDERAL TERRITORIES) (AMENDMENT) ACT 2025.pdf
21,A1746,TRUSTEES (INCORPORATION) (AMENDMENT) ACT 2025,AKTA PEMEGANG AMANAH (PEMERBADANAN) (PINDAAN) 2025,07/02/2025,17/02/2025,,20/2/2025 [P.U. (B) 70/2025],https://lom.agc.gov.my/upload/portal/akta/outputaktap/2694480_BI/Act A1746 BI - TRUSTEES (INCORPORATION) (AMENDMENT) ACT 2025.pdf
22,A1745,TRUSTEE (AMENDMENT) ACT 2025,AKTA PEMEGANG AMANAH (PINDAAN) 2025,07/02/2025,17/02/2025,,20/2/2025 [P.U. (B) 69/2025],https://lom.agc.gov.my/upload/portal/akta/outputaktap/2694506_BI/Act A1745 BI- TRUSTEE (AMENDMENT) ACT 2025.pdf
23,A1744,"WATER SERVICES INDUSTRY (AMENDMENT)
ACT 2025","AKTA INDUSTRI PERKHIDMATAN AIR
(PINDAAN) 2025",27/01/2025,07/02/2025,15/03/2025,,https://lom.agc.gov.my/upload/portal/akta/outputaktap/2669330_BI/A1744 BI- WATER SERVICES INDUSTRY (AMENDMENT) ACT 2025.pdf
24,A1743,"COMMUNICATIONS AND MULTIMEDIA
(AMENDMENT) ACT 2025","AKTA KOMUNIKASI DAN MULTIMEDIA
(PINDAAN) 2025",27/01/2025,07/02/2025,,"11/2/2025 [P.U. (B) 61/2025] as the date on which the Act 
comes into operation except sections 92 and 112",https://lom.agc.gov.my/upload/portal/akta/outputaktap/2669326_BI/A1743 BI- COMMUNICATIONS AND MULTIMEDIA (AMENDMENT) ACT 2025.pdf
25,A1742,"PREVENTION AND CONTROL OF INFECTIOUS
DISEASES (AMENDMENT) ACT 2025","AKTA PENCEGAHAN DAN PENGAWALAN PENYAKIT 
BERJANGKIT (PINDAAN) 2025",27/01/2025,07/02/2025,01/05/2025,,https://lom.agc.gov.my/upload/portal/akta/outputaktap/2669333_BI/A1742 BI- PREVENTION AND CONTROL OF INFECTIOUS DISEASES (AMENDMENT) ACT 2025.pdf
26,A1741,"LABUAN BUSINESS ACTIVITY TAX (AMENDMENT)
(NO. 2) ACT 2024",AKTA CUKAI AKTIVITI PERNIAGAAN LABUAN (PINDAAN) (NO. 2) 2024,24/12/2024,31/12/2024,,REFER ACT,https://lom.agc.gov.my/upload/portal/akta/outputaktap/2592591_BI/Act A1741.pdf
27,A1740,SUPPLY ACT 2025,AKTA PERBEKALAN 2025,24/12/2024,31/12/2024,01/01/2025,,https://lom.agc.gov.my/upload/portal/akta/outputaktap/2592587_BI/Act A1740 - SUPPLY ACT 2025.pdf
28,A1739,ELECTRICITY SUPPLY (AMENDMENT) ACT 2024,AKTA BEKALAN ELEKTRIK (PINDAAN) 2024,02/07/2024,26/11/2024,,24/12/2024 [P.U. (B) 520/2024],https://lom.agc.gov.my/upload/portal/akta/outputaktap/2200928_BI/Electricity Supply (Amendment) Act 2024 - Act A1739.pdf
29,A1738,"CONSTRUCTION INDUSTRY PAYMENT AND 
ADJUDICATION (AMENDMENT) ACT 2024","AKTA PEMBAYARAN DAN ADJUDIKASI INDUSTRI 
PEMBINAAN (PINDAAN) 2024",23/10/2024,01/11/2024,,01/01/2026 [P.U. (B) 369/2025],https://lom.agc.gov.my/upload/portal/akta/outputaktap/2459435_BI/Act A1738.pdf
30,A1737,ARBITRATION (AMENDMENT) ACT 2024,AKTA TIMBANG TARA (PINDAAN) 2024,23/10/2024,01/11/2024,,01/01/2026 [P.U. (B) 368/2025],https://lom.agc.gov.my/upload/portal/akta/outputaktap/2459432_BI/Act A1737.pdf
31,A1736,"SECURITY OFFENCES (SPECIAL MEASURES) 
(AMENDMENT) ACT 2024","AKTA KESALAHAN KESELAMATAN 
(LANGKAH-LANGKAH KHAS) (PINDAAN) 2024",23/10/2024,01/11/2024,03/03/2025,,https://lom.agc.gov.my/upload/portal/akta/outputaktap/2459430_BI/Act A1736.pdf
32,A1735,ARMED FORCES (AMENDMENT) ACT 2024,AKTA ANGKATAN TENTERA (PINDAAN) 2024,23/10/2024,01/11/2024,03/03/2025,,https://lom.agc.gov.my/upload/portal/akta/outputaktap/2459424_BI/Act A1735.pdf
33,A1734,SEXUAL OFFENCES AGAINST CHILDREN (AMENDMENT) ACT 2024,AKTA KESALAHAN-KESALAHAN SEKSUAL TERHADAP KANAK-KANAK (PINDAAN) 2024,23/10/2024,01/11/2024,03/03/2025,,https://lom.agc.gov.my/upload/portal/akta/outputaktap/2459417_BI/Act A1734.pdf
34,A1733,OATHS AND AFFIRMATIONS (AMENDMENT) ACT 2024,AKTA SUMPAH DAN IKRAR (PINDAAN) 2024,23/10/2024,01/11/2024,03/03/2025,,https://lom.agc.gov.my/upload/portal/akta/outputaktap/2459410_BI/Act A1733.pdf
35,A1732,EVIDENCE (AMENDMENT) ACT 2024,AKTA KETERANGAN (PINDAAN) 2024,23/10/2024,01/11/2024,03/03/2025,,https://lom.agc.gov.my/upload/portal/akta/outputaktap/2459405_BI/Act A1732.pdf
36,A1731,EVIDENCE OF CHILD WITNESS (AMENDMENT) ACT 2024,AKTA KETERANGAN SAKSI KANAK-KANAK (PINDAAN) 2024,23/10/2024,01/11/2024,03/03/2025,,https://lom.agc.gov.my/upload/portal/akta/outputaktap/2459399_BI/Act A1731.pdf
37,A1730,LICENSED LAND SURVEYORS (AMENDMENT) ACT 2024,"AKTA JURUUKUR TANAH BERLESEN
(PINDAAN) 2024",02/07/2024,22/10/2024,23/10/2024,,https://lom.agc.gov.my/upload/portal/akta/outputaktap/2438862_BI/Act A1730.pdf
38,A1729,MEDICAL (AMENDMENT) ACT 2024,AKTA PERUBATAN (PINDAAN) 2024,09/10/2024,17/10/2024,01/07/2025,,https://lom.agc.gov.my/upload/portal/akta/outputaktap/2430768_BI/Act A1729.pdf
39,A1728,"LIMITED LIABILITY PARTNERSHIPS
(AMENDMENT) ACT 2024",AKTA PERKONGSIAN LIABILITI TERHAD (PINDAAN) 2024,09/10/2024,17/10/2024,,"31.1.2025 [ P.U. (B) 56/2025] sections 2, 3, 4, 5, paragraph 11(a) and section 13 

16/4/2025 [P.U. (B) 140/2025] sections 8, 9 and 10 of the Act",https://lom.agc.gov.my/upload/portal/akta/outputaktap/2430741_BI/Act A1728.pdf
40,A1727,PERSONAL DATA PROTECTION (AMENDMENT) ACT 2024,AKTA PERLINDUNGAN DATA PERIBADI (PINDAAN) 2024,09/10/2024,17/10/2024,,24/12/2024 [P.U. (B) 522/2024],https://lom.agc.gov.my/upload/portal/akta/outputaktap/2430673_BI/Act A1727.pdf
41,A1726,"DRUG DEPENDANTS (TREATMENT AND REHABILITATION) 
(AMENDMENT) ACT 2024",AKTA PENAGIH DADAH (RAWATAN DAN PEMULIHAN) (PINDAAN) 2024,09/10/2024,17/10/2024,,22/08/2025 [P.U. (B) 315/2025],https://lom.agc.gov.my/upload/portal/akta/outputaktap/2430624_BI/Act A1726.pdf
42,A1725,"EMPLOYMENT INSURANCE SYSTEM
(AMENDMENT) ACT 2024","AKTA SISTEM INSURANS PEKERJAAN
(PINDAAN) 2024",11/09/2024,25/09/2024,,1/10/2024 [P.U. (B) 382/2024],https://lom.agc.gov.my/upload/portal/akta/outputaktap/2368216_BI/Act A1725.pdf
43,A1724,"EMPLOYEES’ SOCIAL SECURITY (AMENDMENT)
ACT 2024","AKTA KESELAMATAN SOSIAL PEKERJA
(PINDAAN) 2024",11/09/2024,25/09/2024,,1/10/2024 [P.U. (B) 381/2024],https://lom.agc.gov.my/upload/portal/akta/outputaktap/2368210_BI/Act A1724.pdf
44,A1723,CIVIL AVIATION AUTHORITY OF MALAYSIA (AMENDMENT) ACT 2024,AKTA PIHAK BERKUASA PENERBANGAN AWAM MALAYSIA (PINDAAN) 2024,11/09/2024,25/09/2024,,01/08/2025 [P.U. (B) 279/2025],https://lom.agc.gov.my/upload/portal/akta/outputaktap/2368202_BI/Act A1723.pdf
45,A1722,"CRIMINAL PROCEDURE CODE (AMENDMENT)
ACT 2024",AKTA KANUN TATACARA JENAYAH (PINDAAN) 2024,11/09/2024,25/09/2024,,30/10/2024 P.U. (B) 434/2024,https://lom.agc.gov.my/upload/portal/akta/outputaktap/2368175_BI/Act A1722.pdf
46,A1721,PENAL CODE (AMENDMENT) ACT 2024,AKTA KANUN KESEKSAAN (PINDAAN) 2024,11/09/2024,25/09/2024,,30/10/2024 P.U. (B) 433/2024,https://lom.agc.gov.my/upload/portal/akta/outputaktap/2368163_BI/Act A1721.pdf
47,A1720,AUDIT (AMENDMENT) ACT 2024,AKTA AUDIT (PINDAAN) 2024,11/09/2024,25/09/2024,,1/11/2024 P.U. (B) 426/2024,https://lom.agc.gov.my/upload/portal/akta/outputaktap/2368148_BI/Act A1720.pdf
48,A1719,SERVICE TAX (AMENDMENT) ACT 2024,AKTA CUKAI PERKHIDMATAN (PINDAAN) 2024,11/09/2024,25/09/2024,,1/12/2024 P.U. (B) 471/2024,https://lom.agc.gov.my/upload/portal/akta/outputaktap/2368126_BI/Act A1719.pdf
49,A1718,SALES TAX (AMENDMENT) ACT 2024,AKTA CUKAI JUALAN (PINDAAN) 2024,11/09/2024,25/09/2024,,1/12/2024 [P.U. (B) 470/2024],https://lom.agc.gov.my/upload/portal/akta/outputaktap/2368124_BI/Act A1718.pdf
50,A1717,FREE ZONES (AMENDMENT) ACT 2024,AKTA ZON BEBAS (PINDAAN) 2024,11/09/2024,25/09/2024,,1/12/2024 [P.U. (B) 469/2024],https://lom.agc.gov.my/upload/portal/akta/outputaktap/2368102_BI/Act A1717.pdf
51,A1716,EXCISE (AMENDMENT) ACT 2024,AKTA EKSAIS (PINDAAN) 2024,11/09/2024,25/09/2024,,1/12/2024 [P.U. (B) 468/2024],https://lom.agc.gov.my/upload/portal/akta/outputaktap/2368039_BI/Act A1716.pdf
52,A1714,HUMAN RIGHTS COMMISSION OF MALAYSIA (AMENDMENT) ACT 2024,"AKTA SURUHANJAYA 
HAK ASASI MANUSIA MALAYSIA (PINDAAN) 2024",18/06/2024,27/06/2024,,9.7.2024 [P.U. (B) 247/2024],https://lom.agc.gov.my/upload/portal/akta/outputaktap/2177741_BI/Act A1714.pdf
53,A1713,"UNIVERSITIES AND UNIVERSITY COLLEGES
(AMENDMENT) ACT 2024",AKTA UNIVERSITI DAN KOLEJ UNIVERSITI (PINDAAN) 2024,18/06/2024,27/06/2024,,1/10/2024 [P.U. (B)392/2024],https://lom.agc.gov.my/upload/portal/akta/outputaktap/2177728_BI/Act A1713.pdf
54,A1712,ENVIRONMENTAL QUALITY (AMENDMENT) ACT 2024,AKTA KUALITI ALAM SEKELILING (PINDAAN) 2024,27/05/2024,06/06/2024,,7.7.2024 [P.U. (B) 243/2024],https://lom.agc.gov.my/upload/portal/akta/outputaktap/2147523_BI/Act A1712.pdf
55,A1711,MONEY SERVICES BUSINESS (AMENDMENT) ACT 2024,AKTA PERNIAGAAN PERKHIDMATAN WANG (PINDAAN) 2024,27/05/2024,06/06/2024,,1.8.2024 [P.U. (B) 274/2024],https://lom.agc.gov.my/upload/portal/akta/outputaktap/2147525_BI/Act A1711.pdf
56,A1710,"HIGHWAY AUTHORITY MALAYSIA (INCORPORATION)
(AMENDMENT) ACT 2024",AKTA LEMBAGA LEBUH RAYA MALAYSIA (PEMERBADANAN) (PINDAAN) 2024,27/05/2024,06/06/2024,,1.7.2024 [P.U. (B) 216/2024],https://lom.agc.gov.my/upload/portal/akta/outputaktap/2147526_BI/Act A1710.pdf
57,A1709,"MUTUAL ASSISTANCE IN CRIMINAL MATTERS
(AMENDMENT) ACT 2024",AKTA BANTUAN BERSAMA DALAM PERKARA JENAYAH (PINDAAN) 2024,14/05/2024,24/05/2024,,1.9.2024 (P.U. (B) 314/2024),https://lom.agc.gov.my/upload/portal/akta/outputaktap/2138134_BI/Act A1709.pdf
58,A1708,UNCLAIMED MONEYS (AMENDMENT) ACT 2024,AKTA WANG TAK DITUNTUT (PINDAAN) 2024,14/05/2024,24/05/2024,,11.7.2024 [P.U. (B) 259/2024],https://lom.agc.gov.my/upload/portal/akta/outputaktap/2138123_BI/Act A1708.pdf
59,A1707,"LABUAN BUSINESS ACTIVITY TAX
(AMENDMENT) ACT 2024","AKTA CUKAI AKTIVITI PERNIAGAAN LABUAN
(PINDAAN) 2024",09/05/2024,20/05/2024,01/01/2024,,https://lom.agc.gov.my/upload/portal/akta/outputaktap/2130049_BI/A1707 BI.pdf
60,A1706,INCOME TAX (AMENDMENT) ACT 2024,AKTA CUKAI PENDAPATAN (PINDAAN) 2024,09/05/2024,20/05/2024,,REFER ACT,https://lom.agc.gov.my/upload/portal/akta/outputaktap/2130048_BI/A1706 BI.pdf
61,A1705,POLICE (AMENDMENT) ACT 2024,AKTA POLIS (PINDAAN) 2024,30/04/2024,09/05/2024,10/05/2024,,https://lom.agc.gov.my/upload/portal/akta/outputaktap/2118824_BI/A1705 BI.pdf
62,A1704,"SUPPLY (REALLOCATION OF APPROPRIATED
EXPENDITURE) ACT 2024","AKTA PERBEKALAN (PENGUNTUKAN SEMULA
PERUNTUKAN PERBELANJAAN) 2024",30/04/2024,09/05/2024,03/01/2024,,https://lom.agc.gov.my/upload/portal/akta/outputaktap/2118828_BI/A1704 BI.pdf
63,A1703,SUPPLEMENTARY SUPPLY (2023) ACT 2024,AKTA PERBEKALAN TAMBAHAN (2023) 2024,30/04/2024,09/05/2024,10/05/2024,,https://lom.agc.gov.my/upload/portal/akta/outputaktap/2118829_BI/A1703 BI.pdf
64,A1702,FOOD (AMENDMENT) ACT 2024,AKTA MAKANAN (PINDAAN) 2024,24/01/2024,02/02/2024,,1/10/2024 [P.U. (B)386/2024],https://lom.agc.gov.my/upload/portal/akta/outputaktap/1998014_BI/A1702 BI.pdf
65,A1701,COMPANIES (AMENDMENT) ACT 2024,AKTA SYARIKAT (PINDAAN) 2024,24/01/2024,02/02/2024,,"1/4/2024 [P.U. (B) 118/2024] except sections 4, 14, 26 and 28. 31/1/2025 [P.U. (B) 53/2025] as the date on which section 14 of the Act comes into operation",https://lom.agc.gov.my/upload/portal/akta/outputaktap/1997997_BI/A1701 BI.pdf
66,A1700,TRADE UNIONS (AMENDMENT) ACT 2024,AKTA KESATUAN SEKERJA (PINDAAN) 2024,27/12/2023,12/01/2024,,15/9/2024 P.U.(B) 363/2024,https://lom.agc.gov.my/upload/portal/akta/outputaktap/1966781_BI/WJW240034 BI.pdf
67,A1699,"SURUHANJAYA PERKHIDMATAN AIR NEGARA
(AMENDMENT) ACT 2023","AKTA SURUHANJAYA PERKHIDMATAN
AIR NEGARA (PINDAAN) 2023",27/12/2023,29/12/2023,,01/02/2024 [P.U. (B) 44/2024],https://lom.agc.gov.my/upload/portal/akta/outputaktap/1946986_BI/A1699 BI.pdf
68,A1698,"INLAND REVENUE BOARD OF MALAYSIA
(AMENDMENT) ACT 2023","AKTA LEMBAGA HASIL DALAM NEGERI
MALAYSIA (PINDAAN) 2023",27/12/2023,29/12/2023,,15/01/2024 [P.U. (B) 18/2024],https://lom.agc.gov.my/upload/portal/akta/outputaktap/1946985_BI/A1698 BI.pdf
69,A1697,SUPPLY ACT 2024,AKTA PERBEKALAN 2024,27/12/2023,29/12/2023,30/12/2023,,https://lom.agc.gov.my/upload/portal/akta/outputaktap/1946987_BI/A1697 BI.pdf
70,A1696,"PRINTING OF QUR’ANIC TEXTS (AMENDMENT)
ACT 2023","AKTA PENCETAKAN TEKS AL-QUR’AN
(PINDAAN) 2023",05/08/2023,11/08/2023,,01/09/2023 [P.U. (B) 379/2023],https://lom.agc.gov.my/upload/portal/akta/outputaktap/1845393_BI/A1696 BI.pdf
71,A1695,INSOLVENCY (AMENDMENT) ACT 2023,AKTA INSOLVENSI (PINDAAN) 2023,05/08/2023,11/08/2023,,06/10/2023 [P.U. (B) 437/2023],https://lom.agc.gov.my/upload/portal/akta/outputaktap/1845392_BI/A1695 BI.pdf
72,A1694,"MALAYSIA CO-OPERATIVE SOCIETIES COMMISSION
(AMENDMENT) ACT 2023","AKTA SURUHANJAYA KOPERASI MALAYSIA
(PINDAAN) 2023",05/08/2023,11/08/2023,,01/10/2023 [P.U. (B) 362/2023,https://lom.agc.gov.my/upload/portal/akta/outputaktap/1845390_BI/A1694 BI.pdf
73,A1693,MENTAL HEALTH (AMENDMENT) ACT 2023,AKTA KESIHATAN MENTAL (PINDAAN) 2023,05/08/2023,11/08/2023,,10/9/2025 [P.U. (B) 330/2025],https://lom.agc.gov.my/upload/portal/akta/outputaktap/1845387_BI/A1693 BI.pdf
74,A1692,"CRIMINAL PROCEDURE CODE (AMENDMENT) 
(NO. 2) ACT 2023","AKTA KANUN TATACARA JENAYAH 
(PINDAAN) (NO. 2) 2023",05/08/2023,11/08/2023,,10/9/2025 [P.U. (B) 329/2025],https://lom.agc.gov.my/upload/portal/akta/outputaktap/1845385_BI/A1692 BI.pdf
75,A1691,PENAL CODE (AMENDMENT) (NO. 2) ACT 2023,AKTA KANUN KESEKSAAN (PINDAAN) (NO. 2) 2023,05/08/2023,11/08/2023,,10/9/2025 [P.U. (B) 328/2025],https://lom.agc.gov.my/upload/portal/akta/outputaktap/1845383_BI/A1691 BI.pdf
76,A1690,"SUSTAINABLE ENERGY DEVELOPMENT
AUTHORITY (AMENDMENT) ACT 2023",AKTA PIHAK BERKUASA PEMBANGUNAN TENAGA LESTARI (PINDAAN) 2023,22/07/2023,28/07/2023,,10/11/2023 [P.U (B) 494/2023],https://lom.agc.gov.my/upload/portal/akta/outputaktap/1841210_BI/A1690 BI.pdf
77,A1689,RENEWABLE ENERGY (AMENDMENT) ACT 2023,AKTA TENAGA BOLEH BAHARU (PINDAAN) 2023,22/07/2023,28/07/2023,,10/11/2023 [P.U (B) 493/2023],https://lom.agc.gov.my/upload/portal/akta/outputaktap/1841207_BI/A1689 BI.pdf
78,A1688,"EVIDENCE OF CHILD WITNESS (AMENDMENT) 
ACT 2023","AKTA KETERANGAN SAKSI KANAK-KANAK 
(PINDAAN) 2023",15/06/2023,21/06/2023,,11/07/2023 [P.U. (B) 252/2023,https://lom.agc.gov.my/upload/portal/akta/outputaktap/1827716_BI/A1688 BI.pdf
79,A1687,SEXUAL OFFENCES AGAINST CHILDREN (AMENDMENT) ACT 2023,AKTA KESALAHAN-KESALAHAN SEKSUAL TERHADAP KANAK-KANAK (PINDAAN) 2023,15/06/2023,21/06/2023,,11/07/2023 [P.U. (B) 251/2023],https://lom.agc.gov.my/upload/portal/akta/outputaktap/1827709_BI/A1687 BI.pdf
80,A1686,COMMERCIAL VEHICLE LICENSING BOARD (AMENDMENT) ACT 2023,AKTA LEMBAGA PELESENAN KENDERAAN PERDAGANGAN (PINDAAN) 2023,05/06/2023,16/06/2023,,15/10/2023 [P.U. (B) 454/2023],https://lom.agc.gov.my/upload/portal/akta/outputaktap/1826836_BI/Act A1686 BI.pdf
81,A1685,LAND PUBLIC TRANSPORT (AMENDMENT) ACT 2023,AKTA PENGANGKUTAN AWAM DARAT (PINDAAN) 2023,05/06/2023,16/06/2023,,15/10/2023 [P.U. (B) 453/2023],https://lom.agc.gov.my/upload/portal/akta/outputaktap/1826834_BI/Act A1685 BI.pdf
82,A1684,ROAD TRANSPORT (AMENDMENT) ACT 2023,AKTA PENGANGKUTAN JALAN (PINDAAN) 2023,05/06/2023,16/06/2023,,15/10/2023 [P.U. (B) 452/2023],https://lom.agc.gov.my/upload/portal/akta/outputaktap/1826831_BI/Act A1684 BI.pdf
83,A1683,WINDFALL PROFIT LEVY (VALIDATION) ACT 2023,"AKTA LEVI KEUNTUNGAN LUAR BIASA
(PENGESAHAN) 2023",27/04/2023,05/05/2023,06/05/2023,,https://lom.agc.gov.my/upload/portal/akta/outputaktap/1814092_BI/Act A1683.pdf
84,A1682,"CRIMINAL PROCEDURE CODE (AMENDMENT)
ACT 2023","AKTA KANUN TATACARA JENAYAH
(PINDAAN) 2023",27/04/2023,05/05/2023,31/05/2023,,https://lom.agc.gov.my/upload/portal/akta/outputaktap/1814093_BI/Act A1682.pdf
85,A1681,PENAL CODE (AMENDMENT) ACT 2023,AKTA KANUN KESEKSAAN (PINDAAN) 2023,27/04/2023,05/05/2023,,31/05/2023 [P.U. (B) 172/2023],https://lom.agc.gov.my/upload/portal/akta/outputaktap/1814085_BI/Act A1681.pdf
86,A1680,SUPPLEMENTARY SUPPLY (2022) ACT 2023,AKTA PERBEKALAN TAMBAHAN (2022) 2023,27/04/2023,03/05/2023,04/05/2023,,https://lom.agc.gov.my/upload/portal/akta/outputaktap/1814075_BI/Act A1680.pdf
87,A1679,SUPPLY ACT 2023,AKTA PERBEKALAN 2023,27/04/2023,03/05/2023,04/05/2023,,https://lom.agc.gov.my/upload/portal/akta/outputaktap/1814076_BI/Act A1679.pdf
88,A1678,"CONSOLIDATED FUND
(EXPENDITURE ON ACCOUNT) ACT 2022",AKTA KUMPULAN WANG DISATUKAN (PERBELANJAAN MASUK AKAUN) 2022,28/12/2022,30/12/2022,01/01/2023,,https://lom.agc.gov.my/upload/portal/akta/outputaktap/1754864_BI/WJW221417 BI.pdf
89,A1677,FREE ZONES  (AMENDMENT) ACT 2022,AKTA ZON BEBAS (PINDAAN) 2022,08/10/2022,18/10/2022,,01/01/2023 [P.U. (B) 638/2022],https://lom.agc.gov.my/upload/portal/akta/outputaktap/1745938_BI/A1677 BI.pdf
90,A1676,GOODS VEHICLE LEVY (AMENDMENT) ACT 2022,"AKTA LEVI KENDERAAN BARANG-BARANG
(PINDAAN) 2022",08/10/2022,18/10/2022,,01/01/2023 [P.U. (B) 637/2022],https://lom.agc.gov.my/upload/portal/akta/outputaktap/1745941_BI/ACT A1676.pdf
91,A1675,WINDFALL PROFIT LEVY (AMENDMENT) ACT 2022,"AKTA LEVI KEUNTUNGAN LUAR BIASA
(PINDAAN) 2022",08/10/2022,18/10/2022,,01/01/2023 [P.U. (B) 636/2022],https://lom.agc.gov.my/upload/portal/akta/outputaktap/1745942_BI/ACT A1675.pdf
92,A1674,DEPARTURE LEVY (AMENDMENT) ACT 2022,AKTA LEVI PELEPASAN (PINDAAN) 2022,08/10/2022,18/10/2022,,01/01/2023 [P.U. (B) 635/2022],https://lom.agc.gov.my/upload/portal/akta/outputaktap/1745940_BI/ACT A1674.pdf
93,A1673,TOURISM TAX (AMENDMENT) ACT 2022,AKTA CUKAI PELANCONGAN (PINDAAN) 2022,08/10/2022,18/10/2022,,01/01/2023 [P.U. (B) 644/2022],https://lom.agc.gov.my/upload/portal/akta/outputaktap/1745939_BI/A1673 BI.pdf
94,A1672,SERVICE TAX (AMENDMENT) ACT 2022,AKTA CUKAI PERKHIDMATAN (PINDAAN) 2022,08/10/2022,18/10/2022,,01/01/2023 [P.U. (B) 643/2022],https://lom.agc.gov.my/upload/portal/akta/outputaktap/1745934_BI/ACT A1672.pdf
95,A1671,SALES TAX (AMENDMENT) ACT 2022,AKTA CUKAI JUALAN (PINDAAN) 2022,08/10/2022,18/10/2022,,"01/01/2023 [P.U. (B) 641/2022], 01/04/2023 [P.U. (B) 642/2022], [P.U. (B) 161/2023], 01/01/2024 [P.U. (B) 541/2023]",https://lom.agc.gov.my/upload/portal/akta/outputaktap/1745933_BI/A1671 BI.pdf
96,A1670,EXCISE (AMENDMENT) ACT 2022,AKTA EKSAIS (PINDAAN) 2022,08/10/2022,18/10/2022,,01/01/2023 [P.U. (B) 640/2022],https://lom.agc.gov.my/upload/portal/akta/outputaktap/1745937_BI/Act A1670.pdf
97,A1669,CUSTOMS (AMENDMENT) ACT 2022,AKTA KASTAM (PINDAAN) 2022,08/10/2022,18/10/2022,,01/01/2023 [P.U. (B) 639/2022],https://lom.agc.gov.my/upload/portal/akta/outputaktap/1745936_BI/A1669 BI.pdf
98,A1668,TABUNG ANGKATAN TENTERA (AMENDMENT) ACT 2022,AKTA TABUNG ANGKATAN TENTERA (PINDAAN) 2022,07/09/2022,20/09/2022,,01/11/2022 [P.U. (B) 510/2022],https://lom.agc.gov.my/upload/portal/akta/outputaktap/1742946_BI/Act A1668 BI.pdf
99,A1667,NATIONAL FORESTRY (AMENDMENT) ACT 2022,AKTA PERHUTANAN NEGARA (PINDAAN) 2022,07/09/2022,20/09/2022,,"1/2/2025 [P.U. (B) 57/2025] in the Federal Territories of Kuala Lumpur, Labuan and Putrajaya",https://lom.agc.gov.my/upload/portal/akta/outputaktap/1742945_BI/Act A1667.pdf
100,A1666,POISONS (AMENDMENT) ACT 2022,AKTA RACUN (PINDAAN) 2022,07/09/2022,20/09/2022,,"01/01/2023 [P.U. (B) 655/2022] Except section 21, 01/01/2024 [P.U. (B) 580/2023] section 21",https://lom.agc.gov.my/upload/portal/akta/outputaktap/1742947_BI/Act A1666 BI.pdf
101,A1665,FEDERAL AGRICULTURAL MARKETING AUTHORITY (AMENDMENT) ACT 2022,AKTA LEMBAGA PEMASARAN PERTANIAN PERSEKUTUAN (PINDAAN) 2022,31/08/2022,06/09/2022,,01/08/2023 [P.U. (B) 284/2023],https://lom.agc.gov.my/upload/portal/akta/outputaktap/1741982_BI/Act A1665.pdf
102,A1664,EAST COAST ECONOMIC REGION DEVELOPMENT COUNCIL (AMENDMENT) ACT 2022,AKTA MAJLIS PEMBANGUNAN WILAYAH EKONOMI PANTAI TIMUR (PINDAAN) 2022,31/08/2022,06/09/2022,,01/01/2024 [P.U. (B) 542/2023],https://lom.agc.gov.my/upload/portal/akta/outputaktap/1741964_BI/Act A1664.pdf
103,A1663,CONSTITUTION (AMENDMENT) (NO.3) ACT 2022,AKTA PERLEMBAGAAN (PINDAAN) (NO.3) 2022,31/08/2022,06/09/2022,,"05/10/2022 [P.U. (B) 476/2022]  Except section 6,
08/12/2022 [P.U. (B) 596/2022], 24/07/2023 [P.U. (B) 282/2023]",https://lom.agc.gov.my/upload/portal/akta/outputaktap/1741962_BI/Act A1663.pdf
104,A1662,CRIMINAL PROCEDURE CODE (AMENDMENT) ACT 2022,AKTA KANUN TATACARA JENAYAH (PINDAAN) 2022,31/08/2022,05/09/2022,,01/10/2022 [P.U. (B) 452/2022],https://lom.agc.gov.my/upload/portal/akta/outputaktap/1742028_BI/Act A1662.pdf
105,A1661,COURTS OF JUDICATURE (AMENDMENT) ACT 2022,AKTA MAHKAMAH KEHAKIMAN (PINDAAN) 2022,31/08/2022,05/09/2022,,01/10/2022 [P.U. (B) 451/2022],https://lom.agc.gov.my/upload/portal/akta/outputaktap/1742025_BI/Act A1661.pdf
106,A1660,OFFENDERS COMPULSORY ATTENDANCE (AMENDMENT) ACT 2022,AKTA KEHADIRAN WAJIB PESALAH-PESALAH (PINDAAN) 2022,31/08/2022,05/09/2022,,30/09/2022 [P.U. (B) 461/2022],https://lom.agc.gov.my/upload/portal/akta/outputaktap/1741974_BI/Act A1660.pdf
107,A1659,CONTROL OF PADI AND RICE (AMENDMENT) ACT 2022,AKTA KAWALAN PADI DAN BERAS (PINDAAN) 2022,31/08/2022,05/09/2022,,30/03/2023 [P.U. (B) 114/2023],https://lom.agc.gov.my/upload/portal/akta/outputaktap/1741970_BI/Act A1659.pdf
108,A1658,EMPLOYEES' SOCIAL SECURITY  (AMENDMENT) ACT 2022,AKTA KESELAMATAN SOSIAL PEKERJA (PINDAAN) 2022,24/08/2022,30/08/2022,,01/09/2022 [P.U. (B) 395/2022],https://lom.agc.gov.my/upload/portal/akta/outputaktap/1741730_BI/A1658 BI.pdf
109,A1657,EMPLOYMENT INSURANCE SYSTEM (AMENDMENT) ACT 2022,AKTA SISTEM INSURANS PEKERJAAN (PINDAAN) 2022,24/08/2022,30/08/2022,,01/09/2022 [P.U. (B) 393/2022],https://lom.agc.gov.my/upload/portal/akta/outputaktap/1741729_BI/A1657 BI.pdf
110,A1656,CONSTITUTION (AMENDMENT) (NO.2) ACT 2022,AKTA PERLEMBAGAAN (PINDAAN) (NO.2) 2022,31/05/2022,09/06/2022,15/12/2021,,https://lom.agc.gov.my/upload/portal/akta/outputaktap/1733746_BI/Act A1656.pdf
111,A1655,LABUAN ISLAMIC FINANCIAL SERVICES AND SECURITIES (AMENDMENT) ACT 2022,AKTA PERKHIDMATAN KEWANGAN DAN SEKURITI ISLAM LABUAN (PINDAAN) 2022,31/05/2022,09/06/2022,01/01/2019,,https://lom.agc.gov.my/upload/portal/akta/outputaktap/1733751_BI/Act A1655.pdf
112,A1654,LABUAN FINANCIAL SERVICES AND SECURITIES (AMENDMENT) ACT 2022,AKTA PERKHIDMATAN KEWANGAN DAN SEKURITI LABUAN (PINDAAN) 2022,31/05/2022,09/06/2022,01/01/2019,,https://lom.agc.gov.my/upload/portal/akta/outputaktap/1733750_BI/Act A1654.pdf
113,A1653,LABUAN COMPANIES (AMENDMENT) ACT 2022,AKTA SYARIKAT LABUAN (PINDAAN) 2022,31/05/2022,09/06/2022,,10/6/2022 except subsection 4(b) is deemed to have come into operation on 1/1/2019,https://lom.agc.gov.my/upload/portal/akta/outputaktap/1733748_BI/Act A1653.pdf
114,A1652,CONTROL OF SUPPLIES (AMENDMENT) ACT 2022,AKTA KAWALAN BEKALAN (PINDAAN) 2022,30/04/2022,13/05/2022,,31/05/2022 [P.U. (B) 271/2022],https://lom.agc.gov.my/upload/portal/akta/outputaktap/1731683_BI/Act A1652.pdf
115,A1651,EMPLOYMENT (AMENDMENT) ACT 2022,AKTA KERJA (PINDAAN) 2022,26/04/2022,10/05/2022,,01/01/2023 [P.U. (B) 394/2022],https://lom.agc.gov.my/upload/portal/akta/outputaktap/1731234_BI/A1651 BI.pdf
116,A1650,SUPPLEMENTARY SUPPLY (2021) ACT 2022,AKTA PERBEKALAN TAMBAHAN (2021) 2022,26/04/2022,10/05/2022,11/05/2022,,https://lom.agc.gov.my/upload/portal/akta/outputaktap/1731229_BI/A1650 BI.pdf
117,A1649,PATENTS (AMENDMENT) ACT 2022,AKTA PATEN (PINDAAN) 2022,04/03/2022,16/03/2022,,"18/3/2022 [P.U. (B) 168/2022] Except section 14, paragraph 26(a), 
sections 45 and 47, paragraph 48(a), section 55 and paragraph 57(b);
30/6/2022 [P.U. (B) 307/2022] sections 14 and 55;  31/12/2025 [P.U. (B) 362/2025] paragraph 26(a), sections 45 and 47, and paragraphs 48(a) 
and 57(b)",https://lom.agc.gov.my/upload/portal/akta/outputaktap/1725649_BI/A1649 BI.pdf
118,A1648,OCCUPATIONAL SAFETY AND HEALTH (AMENDMENT) ACT 2022,AKTA KESELAMATAN DAN KESIHATAN PEKERJAAN (PINDAAN) 2022,04/03/2022,16/03/2022,,1/6/2024 [P.U.(B) 128/2024],https://lom.agc.gov.my/upload/portal/akta/outputaktap/1725651_BI/A1648 BI.pdf
119,A1647,MALAYSIA DEPOSIT INSURANCE CORPORATION (AMENDMENT) ACT 2022,AKTA PERBADANAN INSURANS DEPOSIT MALAYSIA (PINDAAN) 2022,02/02/2022,10/02/2022,,"22/02/2022 [P.U. (B) 120/2022]
Except sections 12, 13, 14, 15, 16, 17, 22, 23, 24, 25, 26 and 27;  21/07/2023 [P.U. (B) 281/2023]
sections 12, 13, 14, 15, 16, 17, 22, 23, 24, 25, 26 and 27",https://lom.agc.gov.my/upload/portal/akta/outputaktap/1722572_BI/A1647 BI.pdf
120,A1646,WILDLIFE CONSERVATION (AMENDMENT) ACT 2022,AKTA PEMULIHARAAN HIDUPAN LIAR (PINDAAN) 2022,02/02/2022,10/02/2022,,"01/02/2023 [P.U. (B) 32/2023] Except sections 2, 3, 4, 5, 6, 10, 12, 13, 15, 16, 17, 18, 19, 20, 21, 24, 25, 32, 35, 37, 38, 39, 44, 45, 48, 61, 65, 68, 73 and 75",https://lom.agc.gov.my/upload/portal/akta/outputaktap/1722570_BI/ACT A1646.pdf
121,A1645,COPYRIGHT (AMENDMENT) ACT 2022,AKTA HAK CIPTA (PINDAAN) 2022,26/01/2022,10/02/2022,,"18/3/2022 [P.U. (B) 167/2022] Except sections  4, 5, 6 dan 10
30/6/2022 [P.U. (B) 306/2022] sections 4, 5, 6 and 10",https://lom.agc.gov.my/upload/portal/akta/outputaktap/1722573_BI/A1645 BI.pdf
122,A1644,ANTI-TRAFFICKING IN PERSONS AND ANTI-SMUGGLING OF MIGRANTS (AMENDMENT) ACT 2022,AKTA ANTIPEMERDAGANGAN ORANG DAN ANTIPENYELUDUPAN MIGRAN (PINDAAN) 2022,19/01/2022,25/01/2022,,22/2/2022 [P.U. (B) 116/2022],https://lom.agc.gov.my/upload/portal/akta/outputaktap/1721503_BI/Act A1644.pdf
123,A1643,SMALL ESTATES (DISTRIBUTION) (AMENDMENT) ACT 2022,AKTA HARTA PUSAKA KECIL (PEMBAHAGIAN) (PINDAAN) 2022,19/01/2022,25/01/2022,,12/7/2024 [P.U. (B) 267/2024],https://lom.agc.gov.my/upload/portal/akta/outputaktap/1721501_BI/Act A1643.pdf
124,A1642,CONSTITUTION (AMENDMENT) ACT 2022,AKTA PERLEMBAGAAN (PINDAAN) 2022,19/01/2022,25/01/2022,,11/2/2022 [P.U. (B) 91/2022],https://lom.agc.gov.my/upload/portal/akta/outputaktap/1721506_BI/Act A1642.pdf
125,A1641,TEMPORARY MEASURES FOR REDUCING THE IMPACT OF CORONAVIRUS DISEASE 2019 (COVID-19) (AMENDMENT) ACT 2022,AKTA LANGKAH-LANGKAH SEMENTARA BAGI MENGURANGKAN KESAN PENYAKIT KORONAVIRUS 2019 (COVID-19) (PINDAAN) 2022,05/01/2022,13/01/2022,14/01/2022,,https://lom.agc.gov.my/upload/portal/akta/outputaktap/1720504_BI/Act A1641.pdf
126,A1640,ADVOCATES ORDINANCE (SABAH) (AMENDMENT) ACT 2021,AKTA ORDINAN PEGUAM BELA (SABAH) (PINDAAN) 2021,28/12/2021,31/12/2021,,10/1/2022 [P.U. (B) 5/2022],https://lom.agc.gov.my/upload/portal/akta/outputaktap/1719371_BI/Act A1640.pdf
127,A1639,TRADE DESCRIPTIONS (AMENDMENT) 2021,AKTA PERIHAL DAGANGAN (PINDAAN) 2021,28/12/2021,31/12/2021,,11/1/2022 [P.U. (B) 11/2022],https://lom.agc.gov.my/upload/portal/akta/outputaktap/1719370_BI/Act A1639.pdf
128,A1638,SUPPLY ACT 2022,AKTA PERBEKALAN 2022,28/12/2021,30/12/2021,31/12/2021,sehari selepas tarikh pewartaan,https://lom.agc.gov.my/upload/portal/akta/outputaktap/1719369_BI/WJW211645 A1638 (BI) Teks.pdf
129,A1637,NATIONAL TRUST FUND (AMENDMENT) ACT 2021,AKTA KUMPULAN WANG AMANAH NEGARA (PINDAAN) 2021,12/11/2021,18/11/2021,,9/12/2021[P.U. (B) 659/2021],https://lom.agc.gov.my/upload/portal/akta/outputaktap/1714921_BI/Act A1637 BI.pdf
130,A1636,WINDFALL PROFIT LEVY (AMENDMENT) ACT 2021,AKTA LEVI KEUNTUNGAN LUAR BIASA (PINDAAN) 2021,12/11/2021,18/11/2021,,1/12/2021 [P.U. (B) 614/2021],https://lom.agc.gov.my/upload/portal/akta/outputaktap/1714920_BI/Act A1636 BI.pdf
131,A1635,TEMPORARY MEASURES FOR GOVERNMENT FINANCING (CORONAVIRUS DISEASE 2019 (COVID-19)) (AMENDMENT) ACT 2021,AKTA LANGKAH-LANGKAH SEMENTARA BAGI PEMBIAYAAN KERAJAAN (PENYAKIT KORONAVIRUS 2019 (COVID-19)) (PINDAAN) 2021,12/11/2021,17/11/2021,18/11/2021,,https://lom.agc.gov.my/upload/portal/akta/outputaktap/1714923_BI/A1635 BI.pdf
132,A1634,CO-OPERATIVE SOCIETIES (AMENDMENT) ACT 2021,AKTA KOPERASI (PINDAAN) 2021,26/01/2021,02/02/2021,,1-4-2021 [P.U. (B) 174/2021],https://lom.agc.gov.my/upload/portal/akta/outputaktap/1696027_BI/Act A1634y2021.pdf
133,A1633,TOURISM TAX (AMENDMENT) ACT 2021,AKTA CUKAI PELANCONGAN (PINDAAN) 2021,26/01/2021,02/02/2021,,REFER [P.U. (B) 148/2021],https://lom.agc.gov.my/upload/portal/akta/outputaktap/20210202_A1633_BI_Act A1633.pdf
134,A1632,SERVICE TAX (AMENDMENT) ACT 2020,AKTA CUKAI PERKHIDMATAN (PINDAAN) 2020,31/12/2020,31/12/2020,,1-1-2021 [P.U. (B) 716/2020],https://lom.agc.gov.my/upload/portal/akta/outputaktap/1696024_BI/Act A1632.pdf
135,A1631,SALES TAX (AMENDMENT) ACT 2020,AKTA CUKAI JUALAN (PINDAAN) 2020,31/12/2020,31/12/2020,,1-1-2021 [P.U. (B) 715/2020],https://lom.agc.gov.my/upload/portal/akta/outputaktap/1696023_BI/Act-A1631.pdf
136,A1630,FREE ZONES (AMENDMENT) ACT 2020,AKTA ZON BEBAS (PINDAAN) 2020,31/12/2020,31/12/2020,,1-1-2021 [P.U. (B) 719/2020],https://lom.agc.gov.my/upload/portal/akta/outputaktap/1696022_BI/ACT A1630.pdf
137,A1629,EXCISE (AMENDMENT) ACT 2020,AKTA EKSAIS (PINDAAN) 2020,31/12/2020,31/12/2020,,1-1-2021 [P.U. (B) 718/2020],https://lom.agc.gov.my/upload/portal/akta/outputaktap/1696021_BI/18. A1629 EXCISE 2020_unlocked (1).pdf
138,A1628,CUSTOMS (AMENDMENT) ACT 2020,AKTA KASTAM (PINDAAN) 2020,31/12/2020,31/12/2020,,1-1-2021 [P.U. (B) 717/2020],https://lom.agc.gov.my/upload/portal/akta/outputaktap/20201231_A1628_BI_Act A1628.pdf
139,A1627,TEMPORARY MEASURES FOR GOVERNMENT FINANCING (CORONAVIRUS DISEASE 2019 (COVID-19)) (AMENDMENT) ACT 2020,AKTA LANGKAH-LANGKAH SEMENTARA BAGI PEMBIAYAAN KERAJAAN (PENYAKIT KORONAVIRUS 2019 (COVID-19)) (PINDAAN) 2020,31/12/2020,31/12/2020,,1-1-2021,https://lom.agc.gov.my/upload/portal/akta/outputaktap/20201231_A1627_BI_Act A1627.pdf
140,A1626,SUPPLY ACT 2021,AKTA PERBEKALAN 2021,28/12/2020,31/12/2020,,1-1-2021,https://lom.agc.gov.my/upload/portal/akta/outputaktap/20201231_A1626_BI_WJW015xxx BI.PDF
141,A1625,NATIONAL SECURITY COUNCIL (AMENDMENT) ACT 2020,AKTA MAJLIS KESELAMATAN NEGARA (PINDAAN) 2020,22/10/2020,31/10/2020,01/11/2020,,https://lom.agc.gov.my/upload/portal/akta/outputaktap/1685203_BI/WJW015635 Act A1625.pdf
142,A1624,INSOLVENCY (AMENDMENT) ACT 2020,AKTA INSOLVENSI (PINDAAN) 2020,12/10/2020,22/10/2020,,1-9-2021 [P.U. (B) 96/2021],https://lom.agc.gov.my/upload/portal/akta/outputaktap/1684469_BI/Act A1624.pdf
143,A1623,SUBORDINATE COURTS RULES (AMENDMENT) ACT 2020,AKTA KAEDAH-KAEDAH MAHKAMAH RENDAH (PINDAAN) 2020,10/10/2020,22/10/2020,,22/10/2020 [P.U. (B) 532/2020],https://lom.agc.gov.my/upload/portal/akta/outputaktap/1684468_BI/Act A1623.pdf
144,A1622,SUBORDINATE COURTS (AMENDMENT) ACT 2020,AKTA MAHKAMAH RENDAH (PINDAAN) 2020,10/10/2020,22/10/2020,,22/10/2020 [P.U. (B) 531/2020],https://lom.agc.gov.my/upload/portal/akta/outputaktap/1684467_BI/Act A1622.pdf
145,A1621,COURTS OF JUDICATURE (AMENDMENT) ACT 2020,AKTA MAHKAMAH KEHAKIMAN (PINDAAN) 2020,10/10/2020,22/10/2020,,22/10/2020 [P.U. (B) 530/2020],https://lom.agc.gov.my/upload/portal/akta/outputaktap/1684466_BI/Act A1621.pdf
146,A1620,SUPPLY (REALLOCATION OF APPROPRIATED EXPENDITURE) ACT 2020,AKTA PERBEKALAN (PENGUNTUKAN SEMULA PERUNTUKAN PERBELANJAAN) 2020,10/10/2020,22/10/2020,10/03/2020,Deemed to have come into operation on,https://lom.agc.gov.my/upload/portal/akta/outputaktap/1684653_BI/Act A1620.pdf
147,A1619,SUPPLEMENTARY SUPPLY (2019) ACT 2020,AKTA PERBEKALAN TAMBAHAN (2019) 2020,10/10/2020,22/10/2020,23/10/2020,,https://lom.agc.gov.my/upload/portal/akta/outputaktap/1684458_BI/Act A1619.pdf
148,A1618,ROAD TRANSPORT (AMENDEMENT) ACT 2020,AKTA PENGANGKUTAN JALAN (PINDAAN) 2020,10/10/2020,22/10/2020,,23/10/2020 [P.U. (B) 533/2020],https://lom.agc.gov.my/upload/portal/akta/outputaktap/1684461_BI/Act A1618.pdf
149,A1617,FRANCHISE (AMENDMENT) ACT 2020,AKTA FRANCAIS (PINDAAN) 2020,20/02/2020,06/03/2020,,28/4/2022 [P.U. (B) 255/2022],https://lom.agc.gov.my/upload/portal/akta/outputaktap/760461_BI/WJW014870 BI.pdf
150,A1616,CENTRAL BANK OF MALAYSIA (AMENDMENT) ACT 2020,AKTA BANK NEGARA MALAYSIA (PINDAAN) 2020,14/02/2020,28/02/2020,,1/10/2020 [P.U. (B) 479/2020],https://lom.agc.gov.my/upload/portal/akta/outputaktap/759538_BI/WJW014847 BI.pdf
151,A1615,INDUSTRIAL RELATION (AMENDMENT) ACT 2020,AKTA PERHUBUNGAN PERUSAHAAN (PINDAAN) 2020,06/02/2020,20/02/2020,,"1-1-2021 [P.U. (B) 695/2020] except section 4, subsections 5(c), (d), (e), (f) and 8(b), section 10, subsections 11(a), (b) and (c), and section 18, 33 and 34",https://lom.agc.gov.my/upload/portal/akta/outputaktap/758952_BI/Act A1615.pdf
152,A1614,LABUAN BUSINESS ACTIVITY TAX (AMENDMENT) ACT 2020,AKTA CUKAI AKTIVITI PERNIAGAAN LABUAN (PINDAAN) 2020,28/02/2020,10/02/2020,,Refer Act,https://lom.agc.gov.my/upload/portal/akta/outputaktap/757996_BI/Act A1614 BI.pdf
153,A1613,CARRIAGE OF GOODS BY SEA (AMENDMENT) ACT 2020,AKTA PENGANGKUTAN BARANG MELALUI LAUT (PINDAAN) 2020,22/01/2020,04/02/2020,,NOT YET IN FORCE,https://lom.agc.gov.my/upload/portal/akta/outputaktap/757516_BI/WJW0146XX BI.pdf
154,A1612,COPYRIGHT (AMENDMENT) ACT 2020,AKTA HAK CIPTA (PINDAAN) 2020,20/01/2020,30/01/2020,,1/7/2020 [P.U. (B) 254/2020],https://lom.agc.gov.my/upload/portal/akta/outputaktap/757238_BI/A1612 BI.pdf
155,A1611,EMPLOYEES PROVIDENT FUND (AMENDMENT) ACT 2019,AKTA KUMPULAN WANG SIMPANAN PEKERJA (PINDAAN) 2019,30/12/2019,31/12/2019,,"15-03-2020 [P.U. (B) 158/2020] 
1-10-2020 (Sections 6, 8 and 11) - [P.U. (B) 468/2020]",https://lom.agc.gov.my/upload/portal/akta/outputaktap/20191231_A1611_BI_Act A1611.pdf
156,A1610,PETROLEUM (INCOME TAX) (AMENDMENT) ACT 2019,AKTA PETROLEUM (CUKAI PENDAPATAN) (PINDAAN) 2019,30/12/2019,31/12/2019,,1-1-2020,https://lom.agc.gov.my/upload/portal/akta/outputaktap/1696013_BI/ACT A1610.pdf
157,A1609,INCOME TAX (AMENDMENT) ACT 2019,AKTA CUKAI PENDAPATAN (PINDAAN) 2019,30/12/2019,31/12/2019,,1-1-2020,https://lom.agc.gov.my/upload/portal/akta/outputaktap/1696012_BI/ACT A1609.pdf
158,A1608,SUPPLY ACT 2020,AKTA PERBEKALAN 2020,30/12/2019,31/12/2019,,1-1-2020,https://lom.agc.gov.my/upload/portal/akta/outputaktap/20191231_A1608_BI_Act A1608.pdf
159,A1607,TRADE DESCRIPTIONS (AMENDMENT) ACT 2019,AKTA PERIHAL DAGANGAN (PINDAAN) 2019,24/11/2019,09/12/2019,,27/12/2019 [P.U. (A) 656/2019],https://lom.agc.gov.my/upload/portal/akta/outputaktap/753890_BI/TRADE DESCRIPTIONS (AMENDMENT) ACT 2019.pdf
160,A1606,ADMINISTRATION OF ISLAMIC LAW (FEDERAL TERRITORIES) (AMENDMENT) (NO.2) ACT 2019,AKTA PENTADBIRAN UNDANG-UNDANG ISLAM (WILAYAH-WILAYAH PERSEKUTUAN) (PINDAAN) (NO.2) 2019,15/11/2019,29/11/2019,,21/06/2022 [P.U. (B) 286/2022],https://lom.agc.gov.my/upload/portal/akta/outputaktap/753473_BI/WJW014437 BI.pdf
161,A1605,COMPANIES (AMENDMENT) ACT 2019,AKTA SYARIKAT (PINDAAN) 2019,28/09/2019,09/10/2019,,15/1/2020 [P.U. (B) 16/2020],https://lom.agc.gov.my/upload/portal/akta/outputaktap/716301_BI/COMPANIES (AMENDMENT) ACT 2019.pdf
162,A1604,Workers' Minimum Standards of Housing and Amenities (Amendment) Act 2019,Akta Standard Minimum Perumahan dan Kemudahan Pekerja (Pindaan) 2019,18/09/2019,23/09/2019,,1/6/2020 [P.U. (B) 248/2020],https://lom.agc.gov.my/upload/portal/akta/outputaktap/632166_BI/WJW014169 BI.pdf
163,A1603,CONSTITUTION  (AMENDMENT) ACT 2019,AKTA PERLEMBAGAAN (PINDAAN) 2019,04/09/2019,10/09/2019,,"11/09/2019, Section 3 of the Act came into force on 15 December 2021 [P.U. (B) 615/2021]",https://lom.agc.gov.my/upload/portal/akta/outputaktap/Pindaan FC AA1603 BI.pdf
164,A1602,Youth Societies and Youth  Development (Amendment) Act 2019,Akta Pertubuhan Belia dan Pembangunan Belia (Pindaan) 2019,18/08/2019,21/08/2019,,1/1/2026 [P.U. (B) 510/2023],https://lom.agc.gov.my/upload/portal/akta/outputaktap/17786_BI/WJW013964 Act A1602.pdf
165,A1601,FISHERIES (AMENDMENT) ACT 2019,AKTA PERIKANAN (PINDAAN) 2019,07/08/2019,09/08/2019,,30/09/2019 [P.U. (B) 453/2019],https://lom.agc.gov.my/upload/portal/akta/outputaktap/20190809_1601_BI_Act A1601.pdf
166,A1600,PEACEFUL ASSEMBLY (AMENDMENT) ACT 2019,AKTA PERHIMPUNAN AMAN (PINDAAN) 2019,07/08/2019,09/08/2019,,1-11-2019 [P.U. (B) 509/2019],https://lom.agc.gov.my/upload/portal/akta/outputaktap/20190809_A1600_BI_Act A1600.pdf
167,A1599,REVISION OF LAWS (AMENDMENT) ACT 2019,AKTA PENYEMAKAN UNDANG-UNDANG (PINDAAN) 2019,07/08/2019,09/08/2019,,1-8-2019,https://lom.agc.gov.my/upload/portal/akta/outputaktap/1696001_BI/ACT A1599.pdf
168,A1598,Consumer Protection (Amendment) 2019,Akta Perlindungan Pengguna (Pindaan) 2019,07/08/2019,09/08/2019,,1/10/2019 [P.U. (B) 448/2019],https://lom.agc.gov.my/upload/portal/akta/outputaktap/17724_BI/Act A1598.pdf
169,A1597,SERVICE TAX (AMENDMENT) ACT 2019,AKTA CUKAI PERKHIDMATAN (PINDAAN) 2019,28/06/2019,09/07/2019,,"REFER P.U. (B) 426/2019, 1-1-2020 AS THE DATE ON WHICH PARAGRAPHS 3 (a) AND 3 (d) OF THE ACT COME INTO OPERATION [P.U. (B) 660/2019]",https://lom.agc.gov.my/upload/portal/akta/outputaktap/20190709_A1597_BI_Act A1597 BI.pdf
170,A1596,SALES TAX (AMENDMENT) ACT 2019,AKTA  CUKAI JUALAN (PINDAAN) 2019,28/06/2019,09/07/2019,,1-1-2020 [P.U. (B) 659/2019],https://lom.agc.gov.my/upload/portal/akta/outputaktap/20190709_A1596_BI_Act A1596 BI.pdf
171,A1595,FREE ZONES (AMENDMENT) ACT 2019,AKTA  ZON BEBAS (PINDAAN) 2019,28/06/2019,09/07/2019,,1-1-2020 [P.U. (B) 662/2019],https://lom.agc.gov.my/upload/portal/akta/outputaktap/1695997_BI/ACT A1595.pdf
172,A1594,EXCISE (AMENDMENT) ACT 2019,AKTA EKSAIS (PINDAAN) 2019,28/06/2019,09/07/2019,,1-1-2020 [P.U. (B) 665/2019],https://lom.agc.gov.my/upload/portal/akta/outputaktap/20190709_1594_BI_Act A1594 BI.pdf
173,A1593,CUSTOMS (AMENDMENT) ACT 2019,AKTA KASTAM (PINDAAN) 2019,29/06/2019,09/07/2019,,1-1-2020 [P.U. (B) 666/2019 - except section 69],https://lom.agc.gov.my/upload/portal/akta/outputaktap/20190709_1593_BI_A1593 BI.pdf
174,A1592,ADMINISTRATION OF ISLAMIC LAW(FEDERAL TERRITORIES) (AMENDMENT) ACT 2019,AKTA PENTADBIRAN UNDANG-UNDANG ISLAM (WILAYAH-WILAYAH PERSEKUTUAN) (PINDAAN) 2019,29/05/2019,31/05/2019,01/06/2025,,https://lom.agc.gov.my/upload/portal/akta/outputaktap/20190531_A1592_BI_A1592 BI.pdf
175,A1591,CIVIL LAW (AMENDMENT) ACT 2019,AKTA UNDANG-UNDANG SIVIL (PINDAAN) 2019,29/05/2019,31/05/2019,,1-9-2019 [P.U. (B) 330/2019],https://lom.agc.gov.my/upload/portal/akta/outputaktap/20190531_A1591_BI_A1591 BI.pdf
176,A1590,SUPPLEMENTARY SUPPLY (2018) ACT 2019,AKTA PERBEKALAN TAMBAHAN (2018) 2019,29/05/2019,31/05/2019,,1 Jun 2019,https://lom.agc.gov.my/upload/portal/akta/outputaktap/20190531_1590_BI_A1590 BI.pdf
177,A1589,CO-OPERATIVE COLLEGE (INCORPORATION) (AMENDMENT) ACT 2019,AKTA MAKTAB KERJASAMA (PEMERBADANAN) (PINDAAN) 2019,14/03/2019,20/03/2019,,"Part II of this Act is deemed to have come into operation on 1-9-2011

Part III and IV - 3-5-2019 [P.U. (B) 234/2019]",https://lom.agc.gov.my/upload/portal/akta/outputaktap/1695991_BI/ACT A1589.pdf
178,A1588,"STREET, DRAINAGE AND BUILDING (AMENDMENT) ACT 2019","AKTA JALAN, PARIT DAN BANGUNAN (PINDAAN) 2019",22/01/2019,25/01/2019,,27-12-2019 [P.U. (B) 621/2019],https://lom.agc.gov.my/upload/portal/akta/outputaktap/1695990_BI/ACT A1588.pdf
179,A1587,HIRE-PURCHASE (AMENDMENT) ACT 2019,AKTA SEWA BELI (PINDAAN) 2019,14/01/2019,18/01/2019,,1-3-2019 [P.U. (B) 117/2019],https://lom.agc.gov.my/upload/portal/akta/outputaktap/20190118_A1587_BI_BI.pdf
180,A1586,CHILDREN AND YOUNG PERSONS (EMPLOYMENT) (AMENDMENT) ACT 2019,AKTA KANAK-KANAK DAN ORANG MUDA (PEKERJAAN) (PINDAAN) 2019,14/01/2019,18/01/2019,,1-2-2019 [P.U. (B) 62/2019,https://lom.agc.gov.my/upload/portal/akta/outputaktap/20190118_A1586_BI_BI.pdf
181,A1586,CHILDREN AND YOUNG PERSONS (EMPLOYMENT) (AMENDMENT) ACT 2019,AKTA KANAK-KANAK DAN ORANG MUDA (PEKERJAAN) (PINDAAN) 2019,14/01/2019,18/01/2019,,1-2-2019 [P.U. (B) 62/2019,https://lom.agc.gov.my/upload/portal/akta/outputaktap/A1586 BI (1).pdf
182,A1585,ROAD TRANSPORT (AMENDMENT) ACT 2019,AKTA PENGANGKUTAN JALAN (PINDAAN) 2019,14/01/2019,18/01/2019,,1-3-2019 [P.U. (B) 113/2019],https://lom.agc.gov.my/upload/portal/akta/outputaktap/1695987_BI/ACT A1585.pdf
183,A1585,ROAD TRANSPORT (AMENDMENT) ACT 2019,AKTA PENGANGKUTAN JALAN (PINDAAN) 2019,14/01/2019,18/01/2019,,1-3-2019 [P.U. (B) 113/2019],https://lom.agc.gov.my/upload/portal/akta/outputaktap/13.ACT A1585.pdf
184,A1585,ROAD TRANSPORT (AMENDMENT) ACT 2019,AKTA PENGANGKUTAN JALAN (PINDAAN) 2019,14/01/2019,18/01/2019,,1-3-2019 [P.U. (B) 113/2019],https://lom.agc.gov.my/upload/portal/akta/outputaktap/1695987_BI/ACT A1585.pdf
185,A1585,ROAD TRANSPORT (AMENDMENT) ACT 2019,AKTA PENGANGKUTAN JALAN (PINDAAN) 2019,14/01/2019,18/01/2019,,1-3-2019 [P.U. (B) 113/2019],https://lom.agc.gov.my/upload/portal/akta/outputaktap/13.ACT A1585.pdf
186,A1584,EDUCATIONAL INSTITUTIONS (DISCIPLINE) (AMENDMENT) ACT 2019,AKTA INSTITUSI-INSTITUSI PELAJARAN (TATATERTIB) (PINDAAN) 2019,14/01/2019,18/01/2019,,15-3-2019 [P.U. (B) 133/2019],https://lom.agc.gov.my/upload/portal/akta/outputaktap/1695986_BI/ACT_A1584.pdf
187,A1583,PRIVATE HIGHER EDUCATIONAL INSTITUTIONS (AMENDMENT) ACT 2019,AKTA INSTITUSI PENDIDIKAN TINGGI SWASTA (PINDAAN) 2019,14/01/2019,18/01/2019,,15-3-2019 [P.U. (B) 132/2019],https://lom.agc.gov.my/upload/portal/akta/outputaktap/20190118_A1583_BI_BI.pdf
188,A1582,UNIVERSITIES AND UNIVERSITY COLLEGES (AMENDMENT) ACT 2019,AKTA UNIVERSITI DAN KOLEJ UNIVERSITI (PINDAAN) 2019,14/01/2019,18/01/2019,,15-3-2019 [P.U. (B) 131/2019],https://lom.agc.gov.my/upload/portal/akta/outputaktap/1695984_BI/07. A1582 2019_unlocked.pdf
189,A1581,EXCISE (AMENDMENT) ACT 2018,AKTA EKSAIS (PINDAAN) 2018,26/12/2018,28/12/2018,,2-1-2019 [P.U. (B) 7/2019],https://lom.agc.gov.my/upload/portal/akta/outputaktap/20181228_A1581_BI_A1581 BI.pdf
190,A1580,CUSTOMS (AMENDMENT) (NO. 2) ACT 2018,AKTA KASTAM (PINDAAN) (NO. 2) 2018,26/12/2018,28/12/2018,,2-1-2019 [P.U. (B) 6/2019],https://lom.agc.gov.my/upload/portal/akta/outputaktap/20181228_1580_BI_A1580 BI.pdf
191,A1579,SERVICE TAX (AMENDMENT) ACT 2018,AKTA CUKAI PERKHIDMATAN (PINDAAN) 2018,26/12/2018,28/12/2018,,2-1-2019 [P.U. (B) 5/2019],https://lom.agc.gov.my/upload/portal/akta/outputaktap/20181228_1579_BI_A1579 BI.pdf
192,A1578,SALES TAX (AMENDMENT) ACT 2018,AKTA CUKAI JUALAN (PINDAAN) 2018,26/12/2018,28/12/2018,,2-1-2019 [P.U. (B) 4/2019],https://lom.agc.gov.my/upload/portal/akta/outputaktap/20181228_1578_BI_A1578 BI.pdf
193,A1577,LABUAN BUSINESS ACTIVITY TAX (AMENDMENT) ACT 2018,AKTA CUKAI AKTIVITI PERNIAGAAN LABUAN (PINDAAN) 2018,26/12/2018,27/12/2018,,28-12-2018,https://lom.agc.gov.my/upload/portal/akta/outputaktap/1695978_BI/18. Act A1577_unlocked.pdf
194,A1576,INCOME TAX (AMENDMENT) ACT 2018,AKTA CUKAI PENDAPATAN (PINDAAN) 2018,26/12/2018,27/12/2018,,[Refer Act],https://lom.agc.gov.my/upload/portal/akta/outputaktap/1695977_BI/ACT A1576.pdf
195,A1575,SUPPLY ACT 2019,AKTA PERBEKALAN 2019,26/12/2018,27/12/2018,,28-12-2018,https://lom.agc.gov.my/upload/portal/akta/outputaktap/20181227_A1575_BI_Act A1575 BI.pdf
196,A1574,LAND PUBLIC TRANSPORT (AMENDMENT) ACT 2018,AKTA PENGANGKUTAN AWAM DARAT (PINDAAN) 2018,10/12/2018,13/12/2018,,1-1-2019 [P.U. (B) 733/2018],https://lom.agc.gov.my/upload/portal/akta/outputaktap/20181213_A1574_BI_WJW000000 BI.pdf
197,A1573,SUPPLY (REALLOCATION OF APPROPRIATED EXPENDITURE) ACT 2018,AKTA PERBEKALAN (PENGUNTUKAN SEMULA PERUNTUKAN PERBELANJAAN) 2018,14/09/2018,21/09/2018,,"deemed to have come into operation 
on 2 July 2018",https://lom.agc.gov.my/upload/portal/akta/outputaktap/20180921_1573_BI_WJW011765 BI.pdf
198,A1572,FREE ZONES (AMENDMENT) ACT 2018,AKTA ZON BEBAS (PINDAAN) 2018,24/08/2018,28/08/2018,,1-9-2018 [P.U. (B) 512/2018],https://lom.agc.gov.my/upload/portal/akta/outputaktap/1695969_BI/ACT A1572.pdf
199,A1571,CUSTOMS (AMENDMENT) ACT 2018,AKTA KASTAM (PINDAAN) 2018,24/08/2018,28/08/2018,,1-9-2018 [P.U. (B) 511/2018],https://lom.agc.gov.my/upload/portal/akta/outputaktap/20180828_AKTA_A1571_BI.pdf
200,A1570,SPORTS DEVELOPMENT (AMENDMENT) ACT 2018,AKTA PEMBANGUNAN SUKAN (PINDAAN) 2018,06/06/2018,11/06/2018,,1-3-2019 [P.U.(B)116/2019],https://lom.agc.gov.my/upload/portal/akta/outputaktap/20180611_1570_BI_WJW011025 BI.pdf
201,A1569,ARBITRATION (AMENDMENT) (NO. 2) ACT 2018,AKTA TIMBANG TARA (PINDAAN) (NO. 2) 2018,27-04-2018,04/05/2018,8-5-2018 [P.U. (B) 265/2018],08/05/2018 [P.U.(B) 265/2018],https://lom.agc.gov.my/upload/portal/akta/outputaktap/Act A1569- 2018 (2).pdf
202,A1568,FIRE SERVICES (AMENDMENT) 2018,AKTA PERKHIDMATAN BOMBA (PINDAAN) 2018,2018-04-27,04/05/2018,,1/9/2018 [P.U. (B) 505/2018],https://lom.agc.gov.my/upload/portal/akta/outputaktap/20180504_A1568_BI_Act A1568.pdf
203,A1567,MALAYSIAN ANTI-CORRUPTION COMMISSION (AMENDMENT) ACT 2018,AKTA SURUHANJAYA PENCEGAHAN RASUAH MALAYSIA (PINDAAN) 2018,2018-04-27,04/05/2018,,1/10/2018 [P.U. (B) 541/2018] except section 4. 1/6/2020 [P.U. (B) 247/2020] - section 4.,https://lom.agc.gov.my/upload/portal/akta/outputaktap/20180504_A1567_BI_Act A1567.pdf
204,A1566,LIMITATION (AMENDMENT) ACT 2018,AKTA HAD MASA (PINDAAN) 2018,2018-04-27,04/05/2018,,1/9/2019 [P.U. (B) 329/2019],https://lom.agc.gov.my/upload/portal/akta/outputaktap/20180504_A1566_BI_Act A1566.pdf
205,A1565,SUPPLEMENTARY SUPPLY (2017) ACT 2018,AKTA PERBEKALAN TAMBAHAN (2017) 2018,2018-04-05,09/04/2018,10-4-2018,10/04/2018,https://lom.agc.gov.my/upload/portal/akta/outputaktap/20180409_A1565_BI_WJW010811 BI.pdf
206,A1564,CARE CENTRES (AMENDMENT) ACT 2018,AKTA PUSAT JAGAAN (PINDAAN) 2018,2018-03-26,29/03/2018,,NOT YET IN FORCE,https://lom.agc.gov.my/upload/portal/akta/outputaktap/20180329_1564_BI_WJW010783 BI.pdf
207,A1563,ARBITRATION (AMENDMENT) ACT 2018,AKTA TIMBANG TARA (PINDAAN) 2018,29/12/2017,10/01/2018,,28/2/2018 [P.U. (B) 101/2018],https://lom.agc.gov.my/upload/portal/akta/outputaktap/Act A1563-2018.pdf
208,A1562,TOURISM INDUSTRY (AMENDMENT) ACT 2018,AKTA INDUSTRI PELANCONGAN (PINDAAN) 2018,29/12/2017,10/01/2018,,1/1/2019 [P.U. (B) 734/2018],https://lom.agc.gov.my/upload/portal/akta/outputaktap/20180110_A1562_BI_Act A1562.pdf
209,A1561,MALAYSIAN MARITIME ENFORCEMENT AGENCY (AMENDMENT) ACT 2018,AKTA AGENSI PENGUATKUASAAN MARITIM MALAYSIA (PINDAAN) 2018,29/12/2017,10/01/2018,,11/1/2018,https://lom.agc.gov.my/upload/portal/akta/outputaktap/20180110_A1561_BI_Act A1561.pdf
210,A1560,INTELLECTUAL PROPERTY CORPORATION OF MALAYSIA (AMENDMENT) ACT 2018,AKTA PERBADANAN HARTA INTELEK MALAYSIA (PINDAAN) 2018,29/12/2017,10/01/2018,,1/11/2018,https://lom.agc.gov.my/upload/portal/akta/outputaktap/20180110_A1560_BI_Act A1560.pdf
211,A1559,MALAYSIAN AVIATION COMMISSION (AMENDMENT) ACT 2018,AKTA SURUHANJAYA PENERBANGAN MALAYSIA (PINDAAN) 2018,29/12/2017,10/01/2018,,9-2-2018 [P.U. (B) 66/2018],https://lom.agc.gov.my/upload/portal/akta/outputaktap/20180110_A1559_BI_Act A1559.pdf
212,A1558,DANGEROUS DRUG (AMENDMENT) ACT 2017,AKTA DADAH BERBAHAYA (PINDAAN) 2017,27/12/2017,29/12/2017,,15/3/2018 [P.U. (B) 127/2018],https://lom.agc.gov.my/upload/portal/akta/outputaktap/989_BI/ACT A1558.pdf
213,A1557,SUPPLY ACT 2018,AKTA PERBEKALAN 2018,27/12/2017,29/12/2017,,30-12-2017,https://lom.agc.gov.my/upload/portal/akta/outputaktap/aktaBI_20171229_ActA1557.pdf
214,A1556,INCOME TAX (AMENDMENT) ACT 2017,AKTA CUKAI PENDAPATAN (PINDAAN) 2017,27/12/2017,29/12/2017,,30-12-2017,https://lom.agc.gov.my/upload/portal/akta/outputaktap/987_BI/ACT A1556.pdf
215,A1555,LABUAN BUSINESS ACTIVITY TAX (AMENDMENT) (NO. 2) ACT 2017,AKTA CUKAI AKTIVITI PERNIAGAAN LABUAN (PINDAAN) (NO. 2) 2017,27/12/2017,29/12/2017,,30-12-2017,https://lom.agc.gov.my/upload/portal/akta/outputaktap/986_BI/17. Act A1555_unlocked.pdf
216,A1554,PRIVATE EMPLOYMENT AGENCIES (AMENDMENT) ACT 2017,AKTA AGENSI PEKERJAAN SWASTA (PINDAAN) 2017,10/11/2017,30/11/2017,,1-2-2018 [P.U. (B) 51/2018],https://lom.agc.gov.my/upload/portal/akta/outputaktap/aktaBI_20171130_ActA1554BI.pdf
217,A1553,COMMERCIAL VEHICLES LICENSING BOARD (AMENDMENT) ACT 2017,AKTA LEMBAGA PELESENAN KENDERAAN PERDAGANGAN (PINDAAN) 2017,10/11/2017,30/11/2017,,12/7/2018 [P.U. (B) 378/2018],https://lom.agc.gov.my/upload/portal/akta/outputaktap/aktaBI_20171130_ActA1553BI.pdf
218,A1552,LAND PUBLIC TRANSPORT (AMENDMENT) ACT 2017,AKTA PENGANGKUTAN AWAM DARAT (PINDAAN) 2017,10/11/2017,30/11/2017,,12/7/2018 [P.U. (B) 377/2018],https://lom.agc.gov.my/upload/portal/akta/outputaktap/aktaBI_20171130_ActA1552BI.pdf
219,A1551,MERCHANT SHIPPING (AMENDMENT) ACT 2017,AKTA PERKAPALAN SAUDAGAR (PINDAAN) 2017,10/11/2017,30/11/2017,,NOT YET IN FORCE,https://lom.agc.gov.my/upload/portal/akta/outputaktap/aktaBI_20171130_ActA1551BI.pdf
220,A1550,"VALUERS, APPRAISERS AND ESTATE AGENTS (AMENDMENT) ACT 2017","AKTA PENILAI, PENTAKSIR DAN EJEN HARTA TANAH (PINDAAN) 2017",09/10/2017,17/10/2017,,2-1-2018 [P.U. (B) 605/2017],https://lom.agc.gov.my/upload/portal/akta/outputaktap/20171017_A1550_BI_Act A1550 BI.pdf
221,A1549,PREVENTION OF CRIME (AMENDMENT) ACT 2017,AKTA PENCEGAHAN JENAYAH (PINDAAN) 2017,09/10/2017,17/10/2017,,15-12-2017 [P.U. (B) 577/2017],https://lom.agc.gov.my/upload/portal/akta/outputaktap/6. Act A1549.pdf
222,A1548,LEGAL AID (AMENDMENT) ACT 2017,AKTA BANTUAN GUAMAN (PINDAAN) 2017,09/10/2017,17/10/2017,,1-12-2017 [P.U. (B) 562/2017],https://lom.agc.gov.my/upload/portal/akta/outputaktap/20171017_A1548_BI_Act A1548 BI.pdf
223,A1547,TABUNG ANGKATAN TENTERA (AMENDMENT) ACT 2017,AKTA TABUNG ANGKATAN TENTERA (PINDAAN) 2017,09/10/2017,17/10/2017,,1-11-2017 [P.U. (B) 521/2017],https://lom.agc.gov.my/upload/portal/akta/outputaktap/978_BI/ACT A1547.pdf
224,A1546,LAW REFORM (MARRIAGE AND DIVORCE) (AMENDMENT) ACT 2017,AKTA MEMBAHARUI UNDANG-UNDANG (PERKAHWINAN DAN PERCERAIAN) (PINDAAN) 2017,09/10/2017,17/10/2017,,15/12/2018 [P.U. (B) 697/2018],https://lom.agc.gov.my/upload/portal/akta/outputaktap/20171017_A1546_BI_Act A1546 BI.pdf
225,A1545,TRADE DESCRIPTIONS (AMENDMENT) ACT 2017,AKTA PERIHAL DAGANGAN (PINDAAN) 2017,09/10/2017,17/10/2017,,"1-1-2018 [P.U. (B) 587/2017]. Notwithstanding subsection (2), section 3 is deemed to have come into operation on 1 November 2011.",https://lom.agc.gov.my/upload/portal/akta/outputaktap/20171017_1545_BI_Act A1545 BI.pdf
226,A1544,PRICE CONTROL AND ANTI-PROFITEERING (AMENDMENT) ACT 2017,AKTA KAWALAN HARGA DAN ANTIPENCATUTAN (PINDAAN) 2017,09/10/2017,17/10/2017,,1-1-2018 [P.U. (B) 586/2017],https://lom.agc.gov.my/upload/portal/akta/outputaktap/20171017_1544_BI_Act A1544 BI.pdf
227,A1543,LEMBAGA KEMAJUAN KELANTAN SELATAN (AMENDMENT) ACT 2017,AKTA LEMBAGA KEMAJUAN KELANTAN SELATAN (PINDAAN) 2017,22/09/2017,03/10/2017,,15-11-2017 [P.U.(B)533/2017],https://lom.agc.gov.my/upload/portal/akta/outputaktap/20171003_A1543_BI_A1543 BI.pdf
228,A1542,LEMBAGA KEMAJUAN JOHOR TENGGARA (AMENDMENT) ACT 2017,AKTA LEMBAGA KEMAJUAN JOHOR TENGGARA (PINDAAN) 2017,22/09/2017,03/10/2017,,15-11-2017 [P.U.(B)532/2017],https://lom.agc.gov.my/upload/portal/akta/outputaktap/20171003_A1542_BI_A1542 BI.pdf
229,A1541,LEMBAGA KEMAJUAN WILAYAH KEDAH (AMENDMENT) ACT 2017,AKTA LEMBAGA KEMAJUAN WILAYAH KEDAH (PINDAAN) 2017,22/09/2017,03/10/2017,,15-11-2017 [P.U.(B)531/2017],https://lom.agc.gov.my/upload/portal/akta/outputaktap/20171003_A1541_BI_A1541 BI.pdf
230,A1540,LEMBAGA KEMAJUAN TERENGGANU TENGAH (AMENDMENT) ACT 2017,AKTA LEMBAGA KEMAJUAN TERENGGANU TENGAH (PINDAAN) 2017,22/09/2017,03/10/2017,,15-11-2017 [P.U.(B)530/2017],https://lom.agc.gov.my/upload/portal/akta/outputaktap/20171003_A1540_BI_A1540 BI.pdf
231,A1539,SECURITIES COMMISSION MALAYSIA (AMENDMENT) ACT 2017,AKTA SURUHANJAYA SEKURITI MALAYSIA (PINDAAN) 2017,22/09/2017,03/10/2017,,24-11-2017 [P.U. (B) 547/2017],https://lom.agc.gov.my/upload/portal/akta/outputaktap/20171003_A1539_BI_A1539 BI.pdf
232,A1538,DOMESTIC VIOLENCE (AMENDMENT) ACT 2017,AKTA KEGANASAN RUMAH TANGGA (PINDAAN) 2017,15/09/2017,21/09/2017,,1-1-2018 [P.U. (B) 601/2017],https://lom.agc.gov.my/upload/portal/akta/outputaktap/20170921_A1538_BI_WJW009193 BI.pdf
233,A1537,STRATEGIC TRADE (AMENDMENT) ACT 2017,AKTA PERDAGANGAN STRATEGIK (PINDAAN) 2017,19/06/2017,21/06/2017,,8-9-2017 [P.U. (B) 433/2017],https://lom.agc.gov.my/upload/portal/akta/outputaktap/aktaBI_20170621_WJW008723BI.pdf
234,A1536,PENAL CODE (AMENDMENT) ACT 2017,AKTA KANUN KESEKSAAN (PINDAAN) 2017,26/05/2017,02/06/2017,,1-9-2017 [P.U. (B) 410/2017],https://lom.agc.gov.my/upload/portal/akta/outputaktap/967_BI/038-Act A1536.pdf
235,A1535,PRIVATE HIGHER EDUCATIONAL INSTITUTIONS (AMENDMENT) ACT 2017,AKTA INSTITUSI PENDIDIKAN TINGGI SWASTA (PINDAAN) 2017,26/05/2017,02/06/2017,,28-11-2017 [P.U. (B) 548/2017],https://lom.agc.gov.my/upload/portal/akta/outputaktap/aktaBI_20170602_ActA1535BI.pdf
236,A1534,BANKRUPTCY (AMENDMENT) ACT 2017,AKTA KEBANKRAPAN (PINDAAN) 2017,10/05/2017,18/05/2017,,6-10-2017 [P.U. (B) 466/2017],https://lom.agc.gov.my/upload/portal/akta/outputaktap/20170518_A1534_BI_Act A1534.pdf
237,A1533,CONSUMER PROTECTION (AMENDMENT) ACT 2017,AKTA PERLINDUNGAN PENGGUNA (PINDAAN) 2017,10/05/2017,18/05/2017,,1-1-2018 [P.U. (B) 569/2017],https://lom.agc.gov.my/upload/portal/akta/outputaktap/20170518_A1533_BI_Act A1533.pdf
238,A1532,LABUAN BUSINESS ACTIVITY TAX (AMENDMENT) ACT 2017,AKTA CUKAI AKTIVITI PERNIAGAAN LABUAN (PINDAAN) 2017,10/05/2017,18/05/2017,,19-5-2017,https://lom.agc.gov.my/upload/portal/akta/outputaktap/963_BI/Act  A1532 BI_unlocked.pdf
239,A1531,JUDGES' REMUNERATION (AMENDMENT) ACT 2017,AKTA SARAAN HAKIM (PINDAAN) 2017,10/05/2017,18/05/2017,,1/6/2017,https://lom.agc.gov.my/upload/portal/akta/outputaktap/962_BI/ACT A1531.pdf
240,A1530,WEIGHTS AND MEASURES (AMENDMENT) ACT 2017,AKTA TIMBANG DAN SUKAT (PINDAAN) 2017,05/10/2017,18/05/2017,,"Not Yet In Force except for paragraphs 2(a) and 11(b) and sections 12 and 13 (19-5-2017).
Paragraph 2(b), sections 3, 4, 5, 6, 7, 8, 9 and 10, and paragraph 11(a)come into operation on 1-8-2017 [P.U.(B)383/2017]",https://lom.agc.gov.my/upload/portal/akta/outputaktap/20170518_A1530_BI_Act A1530.pdf
241,A1529,SUPPLEMENTARY SUPPLY (2016) ACT 2017,AKTA PERBEKALAN TAMBAHAN (2016) 2017,02/05/2017,18/05/2017,,19-5-2017,https://lom.agc.gov.my/upload/portal/akta/outputaktap/aktaBI_20170518_ActA1529BI.pdf
242,A1528,ADVOCATES ORDINANCE (SABAH) (AMENDMENT) ACT 2017,AKTA ORDINAN PEGUAM BELA (SABAH) (PINDAAN) 2017,20/03/2017,30/03/2017,,1-7-2017 [P.U. (B) 294/2017] except Section 23,https://lom.agc.gov.my/upload/portal/akta/outputaktap/20170330_1528_BI_WJW008348 BI.pdf
243,A1527,EVIDENCE (AMENDMENT) ACT 2017,AKTA KETERANGAN (PINDAAN) 2017,31/08/2016,28/02/2017,,1/3/2017,https://lom.agc.gov.my/upload/portal/akta/outputaktap/aktaBI_20170228_WJW008183BI.pdf
244,A1526,CIVIL AVIATION (AMENDMENT) ACT 2017,AKTA PENERBANGAN AWAM (PINDAAN) 2017,17/02/2017,27/02/2017,,19-2-2018 [P.U. (B) 89/2018],https://lom.agc.gov.my/upload/portal/akta/outputaktap/aktaBI_20170227_WJW008182BI.pdf
245,A1525,EMBLEMS AND NAMES (PREVENTION OF IMPROPER USE) (AMENDMENT) ACT 2017,AKTA LAMBANG DAN NAMA (MENCEGAH PENGGUNAAN TAK WAJAR) (PINDAAN) 2017,20/01/2017,26/01/2017,,25-10-2017 [P.U. (B) 508/2017],https://lom.agc.gov.my/upload/portal/akta/outputaktap/20170126_A1525_BI_Act A1525 BI.pdf
246,A1524,BIRTHS AND DEATHS REGISTRATION (AMENDMENT) ACT 2017,AKTA PENDAFTARAN KELAHIRAN DAN KEMATIAN (PINDAAN) 2017,20/01/2017,26/01/2017,,1-8-2017 [P.U. (B) 373/2017],https://lom.agc.gov.my/upload/portal/akta/outputaktap/20170126_1524_BI_Act A1524 BI.pdf
247,A1523,ADMINISTRATION OF ISLAMIC LAW (FEDERAL TERRITORIES) (AMENDMENT) ACT 2017,AKTA PENTADBIRAN UNDANG-UNDANG ISLAM (WILAYAH-WILAYAH PERSEKUTUAN) (PINDAAN) 2017,09/01/2017,16/01/2017,,1/2/2017 [P.U. (B) 67/2017],https://lom.agc.gov.my/upload/portal/akta/outputaktap/954_BI/Act A1523.pdf
248,A1522,TOWN AND COUNTRY PLANNING (AMENDMENT) ACT 2017,AKTA PERANCANGAN BANDAR DAN DESA (PINDAAN) 2017,09/01/2017,16/01/2017,,NOT YET IN FORCE,https://lom.agc.gov.my/upload/portal/akta/outputaktap/953_BI/Act A1522 BI.pdf
249,A1521,CRIMINAL PROCEDURE CODE (AMENDMENT) ACT 2016,AKTA KANUN TATACARA JENAYAH (PINDAAN) 2016,31/08/2016,23/12/2016,,"1-3-2017 - except sections 17, 18, and 19",https://lom.agc.gov.my/upload/portal/akta/outputaktap/952_BI/Act A1521.pdf
250,A1520,SUPPLY ACT 2017,AKTA PERBEKALAN 2017,19/12/2016,22/12/2016,,23-12-2016,https://lom.agc.gov.my/upload/portal/akta/outputaktap/aktaBI_20161222_WJW007795BI.pdf
251,A1519,MERCHANT SHIPPING ORDINANCE (AMENDMENT) ACT 2016,AKTA ORDINAN PERKAPALAN SAUDAGAR (PINDAAN) 2016,08/12/2016,15/12/2016,,1/3/2017 [P.U. (B) 111/2017],https://lom.agc.gov.my/upload/portal/akta/outputaktap/20161215_1519_BI_WJW007758 BI.pdf
252,A1518,STRATA TITLES (AMENDMENT) ACT 2016,AKTA HAKMILIK STRATA (PINDAAN) 2016,31/08/2016,09/09/2016,,"1-1-2017 [P.U.(B)528/2016 & P.U. (B) 532/2016]comes into opertion in the States of Johore, Kedah, Kelantan, Melacca, Negeri Sembilan, Pahang, Pulau Pinang, Perak, Perlis, Selangor dan Terengganu & [[P.U. (B) 561/2017] comes into operation in the Federal Territory of Kuala Lumpur, the Federal Territory of Putrajaya and the Federal Territory of Labuan",https://lom.agc.gov.my/upload/portal/akta/outputaktap/20160909_A1518_BI_Akta A1518 BI.pdf
253,A1517,LAND ACQUISITION (AMENDMENT) ACT 2016,AKTA PENGAMBILAN TANAH (PINDAAN) 2016,31/08/2016,09/09/2016,,"01/12/2017 [ P.U. (B) 564/2017]
 01/10/2022 [P.U. (B) 474/2022] section 11 of the Act comes into operation",https://lom.agc.gov.my/upload/portal/akta/outputaktap/20160909_A1517_BI_Akta A1517 BI.pdf
254,A1516,NATIONAL LAND CODE (AMENDMENT) ACT 2016,AKTA KANUN TANAH NEGARA (PINDAAN) 2016,31/08/2016,09/09/2016,,"1-1-2017 [P.U.(B)527/2016 - comes into operation in the States of Johore, Kedah, Kelantan, Malacca, Negeri Sembilan, Pahang, Penang, Perak, Perlis, Selangor and Terengganu except sections 34, 35, 45, 48, 49, 56 dan 76 & P.U. (B) 531/2016 - comes into operations in the Federal Territory of Kuala Lumpur, the Federal Territory of Putrajaya and the Federal Territory of Labuan except sections 34, 35, 45, 48, 49, 56 dan 76]

21-7-2017 [P.U.(B)377/2017 - sections 34 dan 76 comes into operation in the Federal Territory of Kuala Lumpur, the Federal Territory of Putrajaya and the Federal Territory of Labuan & P.U. (B) 378/2017 - sections 34 dan 76 comes into operation in the States of Johore, Kedah, Kelantan, Malacca, Negeri Sembilan, Pahang, Penang, Perak, Perlis, Selangor and Terengganu]

30-8-2017 [P.U.(B)426/2017 - sections 35,45,48,49 and 56 comes into operation in the Federal Territory of Kuala Lumpur, the Federal Territory of Putrajaya and the Federal Territory of Labuan & P.U.(B)427/2017 - sections 35,45,48,49 and 56 comes into operation in the States of Johore, Kedah, Kelantan, Malacca, Negeri Sembilan, Pahang, Penang, Perak, Perlis, Selangor and Terengganu]",https://lom.agc.gov.my/upload/portal/akta/outputaktap/20160909_A1516_BI_Akta A1516 BI.pdf
255,A1515,GAS SUPPLY (AMENDMENT) ACT 2016,AKTA BEKALAN GAS (PINDAAN) 2016,31/08/2016,09/09/2016,,12-01-2017 [P.U. (B) 14/2017] except section 4A which comes into operation on the date this Act is published in the Gazette on 9 September 2016,https://lom.agc.gov.my/upload/portal/akta/outputaktap/20160909_A1515_BI_Akta A1515 BI.pdf
256,A1514,NATIONAL ANTI-DRUGS AGENCY (AMENDMENT) ACT 2016,AKTA AGENSI ANTIDADAH KEBANGSAAN (PINDAAN) 2016,01/08/2016,17/08/2016,,18-8-2016,https://lom.agc.gov.my/upload/portal/akta/outputaktap/20160817_A1514_BI_WJW007033 BI A1514.pdf
257,A1513,CIVIL DEFENCE (AMENDMENT) ACT 2016,AKTA PERTAHANAN AWAM (PINDAAN) 2016,29/07/2016,08/08/2016,,1-9-2016 [P.U. (B) 374/2016],https://lom.agc.gov.my/upload/portal/akta/outputaktap/20160808_A1513_BI_Act A1513.pdf
258,A1512,ROAD TRANSPORT (AMENDMENT) ACT 2016,AKTA PENGANGKUTAN JALAN (PINDAAN) 2016,29/07/2016,08/08/2016,,1-1-2017 [P.U. (B) 526/2016],https://lom.agc.gov.my/upload/portal/akta/outputaktap/943_BI/ACT A1512.pdf
259,A1511,CHILD (AMENDMENT) ACT 2016,AKTA KANAK-KANAK (PINDAAN) 2016,20/07/2016,25/07/2016,,1-1-2017 [P.U. (B) 525/2016],https://lom.agc.gov.my/upload/portal/akta/outputaktap/20160725_A1511_BI_WJW006870 BI.pdf
260,A1510,DANGEROUS DRUGS (SPECIAL PREVENTIVE MEASURES) (AMENDMENT) ACT 2016,AKTA DADAH BERBAHAYA (LANGKAH-LANGKAH PENCEGAHAN KHAS) (PINDAAN) 2016,02/06/2016,14/07/2016,,15-7-2016,https://lom.agc.gov.my/upload/portal/akta/outputaktap/20160714_A1510_BI_Act A1510 BI.pdf
261,A1509,LEGAL PROFESSION (AMENDMENT) ACT 2016,AKTA PROFESION UNDANG-UNDANG (PINDAAN) 2016,02/06/2016,09/06/2016,,10/6/2016,https://lom.agc.gov.my/upload/portal/akta/outputaktap/20160609_A1509_BI_Act A1509 BI.pdf
262,A1508,EMPLOYEES' SOCIAL SECURITY (AMENDMENT) ACT 2016,AKTA KESELAMATAN SOSIAL PEKERJA (PINDAAN) 2016,20/05/2016,26/05/2016,,1-6-2016 [P.U. (B) 261/2016],https://lom.agc.gov.my/upload/portal/akta/outputaktap/939_BI/Act A1508.pdf
263,A1507,SUPPLEMENTARY SUPPLY (2015) ACT 2016,AKTA PERBEKALAN TAMBAHAN (2015) 2016,20/05/2016,26/05/2016,,27-5-2016,https://lom.agc.gov.my/upload/portal/akta/outputaktap/20160526_A1507_BI_A1507 BI.pdf
264,A1506,TABUNG ANGKATAN TENTERA (AMENDMENT) ACT 2016,AKTA TABUNG ANGKATAN TENTERA (PINDAAN) 2016,2016-03-02,07/03/2016,,"Section 2, paragraph 4(c), sections 5 and 6, paragraph 7(a)and sections 9 and 11 come into operation on 1 January 2016",https://lom.agc.gov.my/upload/portal/akta/outputaktap/937_BI/Act A1506 (Mac 2016).pdf
265,A1505,MALAYSIA DEPOSIT INSURANCE CORPORATION (AMENDMENT) ACT 2016,AKTA PERBADANAN INSURANS DEPOSIT MALAYSIA (PINDAAN) 2016,02/03/2016,07/03/2016,,3/8/2016,https://lom.agc.gov.my/upload/portal/akta/outputaktap/20160307_AKTA A1505_BI_Act A1505 BI.pdf
266,A1504,EMPLOYEES PROVIDENT FUND (AMENDMENT) ACT 2016,AKTA KUMPULAN WANG SIMPANAN PEKERJA (PINDAAN) 2016,2016-02-04,18/02/2016,,"-Sections 2, 4, 12, 16, 19, 23, paragraphs 24(b) and (c) come into operation on 1-4-2016 [P.U. (B) 136/2016]
-Sections 3, 5, 7, 8, 9, 10, 17 and 18,and paragraph 24(a) come into operation on 1-8-2016 [P.U. (B) 320/2016]
-Sections 11,13,15,20 and 21 co",https://lom.agc.gov.my/upload/portal/akta/outputaktap/20160218_1504_BI_WJW006143 BI.pdf
267,A1503,SUPPLY ACT 2016,AKTA PERBEKALAN 2016,21/12/2015,23/12/2015,,24-12-2015,https://lom.agc.gov.my/upload/portal/akta/outputaktap/20151223_1503_BI_WJW005828 BI.pdf
268,A1502,DEVELOPMENT FINANCIAL INSTITUTIONS (AMENDMENT) ACT 2015,AKTA INSTITUSI KEWANGAN PEMBANGUNAN (PINDAAN) 2015,17/11/2015,26/11/2015,,31-1-2016 [P.U. (B) 46/2016],https://lom.agc.gov.my/upload/portal/akta/outputaktap/20151126_1502_BI_WJW005615 BI.pdf
269,A1501,ELECTRICITY SUPPLY (AMENDMENT) ACT 2015,AKTA BEKALAN ELEKTRIK (PINDAAN) 2015,30/10/2015,05/11/2015,,1-1-2016 [P.U. (B) 501/2015],https://lom.agc.gov.my/upload/portal/akta/outputaktap/20151105_A1501_BI_WJW005535 BI.pdf
270,A1500,ANTI-TRAFFICKING IN PERSONS AND ANTI-SMUGGLING OF MIGRANTS (AMENDMENT) ACT 2015,AKTA ANTIPEMERDAGANGAN ORANG DAN ANTIPENYELUDUPAN MIGRAN (PINDAAN) 2015,26/10/2015,02/11/2015,,18-11-2015 [P.U. (B) 460/2015],https://lom.agc.gov.my/upload/portal/akta/outputaktap/20151102_1500_BI_WJW005504 BI.pdf
271,A1499,CAPITAL MARKETS AND SERVICES (AMENDMENT) ACT 2015,AKTA PASARAN MODAL DAN PERKHIDMATAN (PINDAAN) 2015,25/08/2015,27/08/2015,,15-9-2015 [P.U. (B) 369/2015],https://lom.agc.gov.my/upload/portal/akta/outputaktap/20150827_A1499_BI_A1499 BI.pdf
272,A1498,CONSUMER PROTECTION (AMENDMENT) ACT 2015,AKTA PERLINDUNGAN PENGGUNA (PINDAAN) 2015,18/08/2015,27/08/2015,,1-3-2016 [P.U. (B) 89/2016],https://lom.agc.gov.my/upload/portal/akta/outputaktap/20150827_A1498_BI_A1498 BI.pdf
273,A1497,CIVIL AVIATION (AMENDMENT) ACT 2015,AKTA PENERBANGAN AWAM (PINDAAN) 2015,18/08/2015,27/08/2015,,1-3-2016 [P.U. (B) 86/2016],https://lom.agc.gov.my/upload/portal/akta/outputaktap/20150827_A1497_BI_A1497 BI.pdf
274,A1496,RETIREMENT FUND (AMENDMENT) ACT 2015,AKTA KUMPULAN WANG PERSARAAN (PINDAAN) 2015,18/08/2015,24/08/2015,,21-10-2015 [P.U. (B) 406/2015],https://lom.agc.gov.my/upload/portal/akta/outputaktap/20150824_A1496_BI_A1496 BI.pdf
275,A1495,POLICE (AMENDMENT) ACT 2015,AKTA POLIS (PINDAAN) 2015,18/08/2015,24/08/2015,,18-1-2016 [P.U. (B) 14/2016],https://lom.agc.gov.my/upload/portal/akta/outputaktap/20150824_A1495_BI_A1495 BI.pdf
276,A1494,JUDGES' REMUNERATION (AMENDMENT) ACT 2015,AKTA SARAAN HAKIM (PINDAAN) 2015,18/08/2015,24/08/2015,,18-1-2016 [P.U. (B) 10/2016],https://lom.agc.gov.my/upload/portal/akta/outputaktap/925_BI/ACT A1494.pdf
277,A1493,CHEMISTS (AMENDMENT) ACT 2015,AKTA AHLI KIMIA (PINDAAN) 2015,18/08/2015,24/08/2015,,1-11-2015 [P.U. (B) 439/2015],https://lom.agc.gov.my/upload/portal/akta/outputaktap/20150824_A 1493_BI_A1493 BI.pdf
278,A1492,ARMED FORCES (AMENDMENT) ACT 2015,AKTA ANGKATAN TENTERA (PINDAAN) 2015,18/08/2015,24/08/2015,,18-1-2016 [P.U. (B) 13/2016],https://lom.agc.gov.my/upload/portal/akta/outputaktap/20150824_A1492_BI_A1492 BI.pdf
279,A1491,MEMBERS OF PARLIAMENT (REMUNERATION) (AMENDMENT) ACT 2015,AKTA AHLI PARLIMEN (SARAAN) (PINDAAN) 2015,01/07/2015,09/07/2015,,1-1-2015 [Refer Act],https://lom.agc.gov.my/upload/portal/akta/outputaktap/20150709_A1491_BI_A1491 BI.pdf
280,A1490,EDUCATION (AMENDMENT) ACT 2015,AKTA PENDIDIKAN (PINDAAN) 2015,01/07/2015,09/07/2015,,1-1-2012 [Refer Act],https://lom.agc.gov.my/upload/portal/akta/outputaktap/20150709_A1490_BI_A1490 BI.pdf
281,A1489,SECURITIES COMMISSION (AMENDMENT) ACT 2015,AKTA SURUHANJAYA SEKURITI (PINDAAN) 2015,09/06/2015,18/06/2015,,15-9-2015 [P.U. (B) 368/2015],https://lom.agc.gov.my/upload/portal/akta/outputaktap/20150618_A1489_BI_WJW004654 BI.pdf
282,A1488,INDUSTRIAL RELATIONS (AMENDMENT) ACT 2015,AKTA PERHUBUNGAN PERUSAHAAN (PINDAAN) 2015,28/05/2015,04/06/2015,,1-7-2015 [P.U. (B) 262/2015],https://lom.agc.gov.my/upload/portal/akta/outputaktap/20150604_A1488_BI_Act A1488.pdf
283,A1487,SECURITY OFFENCES (SPECIAL MEASURES) (AMENDMENT) ACT 2015,AKTA KESALAHAN KESELAMATAN (LANGKAH-LANGKAH KHAS) (PINDAAN) 2015,28/05/2015,04/06/2015,,15-6-2015 [P.U. (B) 251/2015],https://lom.agc.gov.my/upload/portal/akta/outputaktap/20150604_A1487_BI_Act A1487.pdf
284,A1486,PRISON (AMENDMENT) (NO. 2) ACT 2015,AKTA PENJARA (PINDAAN) (NO. 2) 2015,28/05/2015,04/06/2015,,1-9-2015 [P.U. (B) 346/2015],https://lom.agc.gov.my/upload/portal/akta/outputaktap/20150604_A1486_BI_Act A1486.pdf
285,A1485,SEDITION (AMENDMENT) ACT 2015,AKTA HASUTAN (PINDAAN) 2015,28/05/2015,04/06/2015,,NOT YET IN FORCE,https://lom.agc.gov.my/upload/portal/akta/outputaktap/20150604_A1485_BI_Act A1485.pdf
286,A1484,PREVENTION OF CRIME (AMENDMENT) ACT 2015,AKTA PENCEGAHAN JENAYAH (PINDAAN ) 2015,28/05/2015,04/06/2015,,1-9-2015 [P.U. (B) 347/2015],https://lom.agc.gov.my/upload/portal/akta/outputaktap/4. Act A1484.pdf
287,A1483,PENAL CODE (AMENDMENT) ACT 2015,AKTA KANUN KESEKSAAN (PINDAAN) 2015,28/05/2015,04/06/2015,,15-6-2015 [P.U.(B) 252/2015],https://lom.agc.gov.my/upload/portal/akta/outputaktap/915_BI/037-Act A1483 BI.pdf
288,A1482,SUPPLEMENTARY SUPPLY (2014) ACT 2015,AKTA PERBEKALAN TAMBAHAN (2014) 2015,06/06/2015,04/06/2015,,5-6-2015 [Refer Act],https://lom.agc.gov.my/upload/portal/akta/outputaktap/20150604_1482_BI_Act A1482.pdf
289,A1481,QUANTITY SURVEYORS (AMENDMENT) ACT 2015,AKTA JURUUKUR BAHAN (PINDAAN) 2015,12/02/2015,24/02/2015,,30-1-2016 [P.U. (B) 50/2016],https://lom.agc.gov.my/upload/portal/akta/outputaktap/20150224_A1481_BI_A1481 BI.pdf
290,A1480,ARCHITECTS (AMENDMENT) ACT 2015,AKTA ARKITEK (PINDAAN) 2015,2015-02-12,24/02/2015,,"Paragraphs 3(d),(p) and section 23 come into operation on  1-6-2015;

Other sections come into operation on 30-11-2015 [P.U. (B) 470/2015]",https://lom.agc.gov.my/upload/portal/akta/outputaktap/20150224_A1480_BI_A1480 BI.pdf
291,A1479,REGISTRATION OF ENGINEERS (AMENDMENT) ACT 2015,AKTA PENDAFTARAN JURUTERA (PINDAAN) 2015,12/02/2015,24/02/2015,,31-7-2015 [P.U. (B) 292/2015],https://lom.agc.gov.my/upload/portal/akta/outputaktap/20150224_A1479_BI_A1479 BI.pdf
292,A1478,COMPANIES COMMISSION OF MALAYSIA (AMENDMENT) ACT 2015,AKTA SURUHANJAYA SYARIKAT MALAYSIA (PINDAAN) 2015,30/12/2014,05/01/2015,,"20-2-2015 [P.U. (B) 45/2015] except  sections 9, 10, 11, 13, 14 and 15,
31-1-2017 [P.U. (B) 52/2017] sections 9, 10, 11, 13, 14 and 15",https://lom.agc.gov.my/upload/portal/akta/outputaktap/20150105_A1478_BI_Act A1478.pdf
293,A1477,LIMITED LIABILITY PARTNERSHIPS (AMENDMENT) ACT 2015,AKTA PERKONGSIAN LIABILITI TERHAD (PINDAAN) 2015,30/12/2014,05/01/2015,,31/1/2017 [P.U.(B)53/2017],https://lom.agc.gov.my/upload/portal/akta/outputaktap/20150105_A1477_BI_Act A1477.pdf
294,A1476,REGISTRATION OF BUSINESSES (AMENDMENT) ACT 2015,AKTA PENDAFTARAN PERNIAGAAN (PINDAAN) 2015,30/12/2014,05/01/2015,,31/1/2017 [P.U. (B) 54/2017],https://lom.agc.gov.my/upload/portal/akta/outputaktap/20150105_A1476_BI_Act A1476.pdf
295,A1475,INLAND REVENUE BOARD OF MALAYSIA (AMENDMENT) ACT 2015,AKTA LEMBAGA HASIL DALAM NEGERI MALAYSIA (PINDAAN) 2015,30/12/2014,05/01/2015,,6-1-2015 [Refer Act],https://lom.agc.gov.my/upload/portal/akta/outputaktap/20150105_A1475_BI_Act A1475-BI.pdf
296,A1474,PRISON (AMENDMENT) ACT 2015,AKTA PENJARA (PINDAAN) 2015,30/12/2014,05/01/2015,,15-1-2016 [P.U. (B) 8/2016],https://lom.agc.gov.my/upload/portal/akta/outputaktap/20150105_A1474_BI_Act A1474-BI.pdf
297,A1473,CONTROL OF SUPPLIES (AMENDMENT) ACT 2015,AKTA KAWALAN BEKALAN (PINDAAN) 2015,30/12/2014,05/01/2015,,10-1-2015 [P.U. (B) 7/2015],https://lom.agc.gov.my/upload/portal/akta/outputaktap/20150105_A1473_BI_Act A1473-BI.pdf
298,A1472,SECURITY OFFENCES (SPECIAL MEASURES) (AMENDMENT) ACT 2014,AKTA KESALAHAN KESELAMATAN (LANGKAH-LANGKAH KHAS) (PINDAAN) 2014,24/12/2014,30/12/2014,,31-12-2014,https://lom.agc.gov.my/upload/portal/akta/outputaktap/20141230_A1472_BI_Act A1472.pdf
299,A1471,PENAL CODE (AMENDMENT) ACT 2014,AKTA KANUN KESEKSAAN (PINDAAN) 2014,24/12/2014,30/12/2014,,31-12-2014,https://lom.agc.gov.my/upload/portal/akta/outputaktap/902_BI/036-Act A1471 tahun 2014.pdf
300,A1470,MALAYSIA CO-OPERATIVE SOCIETIES COMMISSION (AMENDMENT) ACT 2014,AKTA SURUHANJAYA KOPERASI MALAYSIA (PINDAAN) 2014,24/12/2014,30/12/2014,,7-1-2015 [P.U. (B) 3/2015],https://lom.agc.gov.my/upload/portal/akta/outputaktap/901_BI/Act A1470.pdf
301,A1469,SUPPLY ACT 2015,AKTA PERBEKALAN 2015,24/12/2014,30/12/2014,,31-12-2014,https://lom.agc.gov.my/upload/portal/akta/outputaktap/20141230_A1469_BI_Act A1469.pdf
302,A1468,PROMOTION OF INVESTMENTS (AMENDMENT) ACT 2014,AKTA PENGGALAKAN PELABURAN (PINDAAN) 2014,18/08/2014,22/08/2014,,[Refer Act],https://lom.agc.gov.my/upload/portal/akta/outputaktap/12.Act A1468.pdf
303,A1467,ANTI-MONEY LAUNDERING AND ANTI-TERRORISM FINANCING (AMENDMENT) ACT 2014,AKTA PENCEGAHAN PENGUBAHAN WANG HARAM DAN PENCEGAHAN PEMBIAYAAN KEGANASAN (PINDAAN) 2014,30/07/2014,08/08/2014,,"8-8-2014 [P.U. (B) 400/2014] - exclude section 78; 1-9-2014 - except sections 22 and 26; 
1-10-2014 - sections 22 and 26 come into operation",https://lom.agc.gov.my/upload/portal/akta/outputaktap/20140808_A1467_BI_WJW002868 BI.pdf
304,A1466,SUPPLEMENTARY SUPPLY (2014) ACT 2014,AKTA PERBEKALAN TAMBAHAN (2014) 2014,18/07/2014,24/07/2014,,25-7-2014,https://lom.agc.gov.my/upload/portal/akta/outputaktap/20140724_1466_BI_WJW002845 BI.pdf
305,A1465,PRIVATE HIGHER EDUCATIONAL INSTITUTIONS (AMENDMENT) ACT 2014,AKTA INSTITUSI PENDIDIKAN TINGGI SWASTA (PINDAAN) 2014,18/07/2014,24/07/2014,,25-7-2014,https://lom.agc.gov.my/upload/portal/akta/outputaktap/Act A1465[1]-2014.pdf
306,A1464,PRICE CONTROL AND ANTI-PROFITEERING (AMENDMENT) ACT 2014,AKTA KAWALAN HARGA DAN ANTIPENCATUTAN (PINDAAN) 2014,17/07/2014,24/07/2014,,1-9-2014 [P.U. (B) 399/2014],https://lom.agc.gov.my/upload/portal/akta/outputaktap/20140724_1464_BI_WJW002839 BI.pdf
307,A1463,CORROSIVE AND EXPLOSIVE SUBSTANCES AND OFFENSIVE WEAPONS (AMENDMENT) ACT 2014,AKTA BAHAN-BAHAN KAKISAN DAN LETUPAN DAN SENJATA BERBAHAYA (PINDAAN) 2014,12/06/2014,01/07/2014,,2/7/2014,https://lom.agc.gov.my/upload/portal/akta/outputaktap/20140701_1463_BI_WJW002640 BI.pdf
308,A1462,JUDGES' REMUNERATION (AMENDMENT) ACT 2014,AKTA SARAAN HAKIM (PINDAAN) 2014,09/06/2014,12/06/2014,,"Sections 2, 4, 5 and 6 are deemed to have come into operation on 1-1-2014; Section 3 is deemed to have come into operation on 1-7-2013.",https://lom.agc.gov.my/upload/portal/akta/outputaktap/893_BI/ACT A1462.pdf
309,A1461,SUPPLEMENTARY SUPPLY (2013) ACT 2014,AKTA PERBEKALAN TAMBAHAN (2013) 2014,09/06/2014,12/06/2014,,13-6-2014,https://lom.agc.gov.my/upload/portal/akta/outputaktap/20140612_1461_BI_A1461 BI.pdf
310,A1460,PRISON (AMENDMENT) ACT 2014,AKTA PENJARA (PINDAAN) 2014,27/03/2014,02/04/2014,,3/4/2014,https://lom.agc.gov.my/upload/portal/akta/outputaktap/20140402_1460_BI_PRISON (AMENDMENT) ACT 2014 - A1460.pdf
311,A1459,PREVENTION OF CRIME (AMENDMENT AND EXTENSION) ACT 2014,AKTA PENCEGAHAN JENAYAH (PINDAAN DAN PEMERLUASAN) 2014,25/10/2013,01/04/2014,,2/4/2014,https://lom.agc.gov.my/upload/portal/akta/outputaktap/Act A1459.pdf
312,A1458,SUPPLY ACT 2014,AKTA PERBEKALAN 2014,27/12/2013,31/12/2013,,1/1/2014,https://lom.agc.gov.my/upload/portal/akta/outputaktap/20131231_1458_BI_AKTA A1458-WJW001807 BI.pdf
313,A1457,DANGEROUS DRUGS (AMENDMENT) ACT 2014,AKTA DADAH BERBAHAYA (PINDAAN) 2014,31/12/2013,14/02/2014,,15-2-2014,https://lom.agc.gov.my/upload/portal/akta/outputaktap/888_BI/Act A1457.pdf
314,A1456,LEGAL PROFESSION (AMENDMENT) ACT 2013,AKTA PROFESION UNDANG-UNDANG (PINDAAN) 2013,25/10/2013,01/11/2013,,3-6-2014 [P.U. (B) 264/2014],https://lom.agc.gov.my/upload/portal/akta/outputaktap/20131101_A 1456_BI_A1456 BI.pdf
315,A1455,LEGAL PROFESSION (AMENDMENT) ACT 2012 (AMENDMENT) ACT 2013,AKTA AKTA PROFESION UNDANG-UNDANG (PINDAAN) 2012 (PINDAAN) 2013,25/10/2013,01/11/2013,,3-6-2014[ P.U. (B) 263/2014],https://lom.agc.gov.my/upload/portal/akta/outputaktap/20131101_A 1455_BI_A1455 BI.pdf
316,A1454,SUPPLEMENTARY SUPPLY (2013) ACT 2013,AKTA PERBEKALAN TAMBAHAN (2013) 2013,25/10/2013,01/11/2013,,2/11/2013,https://lom.agc.gov.my/upload/portal/akta/outputaktap/20131101_A 1454_BI_A1454 BI.pdf
317,A1453,SUPPLEMENTARY SUPPLY (2012) ACT 2013,AKTA PERBEKALAN TAMBAHAN (2012) 2013,30/08/2013,06/09/2013,,7/9/2013,https://lom.agc.gov.my/upload/portal/akta/outputaktap/20130906_AKTA A1453_BI_WJW001215 A1453 (BI).pdf
318,A1452,ANIMALS (AMENDMENT) ACT 2013,AKTA BINATANG (PINDAAN) 2013,18/03/2013,20/03/2013,,20-8-2013 [P.U. (B) 359/2013],https://lom.agc.gov.my/upload/portal/akta/outputaktap/20130320_A1452_BI_WJW000296 BI.pdf
319,A1451,PERBADANAN KEMAJUAN FILEM NASIONAL MALAYSIA (AMENDMENT) ACT 2013,AKTA PERBADANAN KEMAJUAN FILEM NASIONAL MALAYSIA (PINDAAN) 2013,28/01/2013,07/02/2013,,1-4-2013 [P.U. (B) 89/2013],https://lom.agc.gov.my/upload/portal/akta/outputaktap/20130207_A1451_BI_WJW000134 Act A1451 BI.pdf
320,A1450,STRATA TITLES (AMENDMENT) ACT 2013,AKTA HAKMILIK STRATA (PINDAAN) 2013,28/01/2013,07/02/2013,,"1-6-2015 [P.U. (B) 238/2015, comes into operation in the States of Johore, Kedah, Kelantan, Malacca, Negeri Sembilan, Pahang, Penang, Perak, Perlis, Selangor and Terengganu except section 2]
1-6-2015 [P.U. (B) 239/2015, comes into operation in the Federal Territory of Kuala Lumpur, the Federal Territory of Putrajaya and the Federal Territory of Labuan except section 22]",https://lom.agc.gov.my/upload/portal/akta/outputaktap/20130207_A1450_BI_WJW000134 Act A1450 BI.pdf
321,A1449,INDUSTRIAL DESIGNS (AMENDMENT) ACT 2013,AKTA REKA BENTUK PERINDUSTRIAN (PINDAAN) 2013,18/01/2013,22/01/2013,,1-7-2013 [P.U. (B) 86/2013],https://lom.agc.gov.my/upload/portal/akta/outputaktap/20130122_A1449_BI_JW000084 A1449 (BI).pdf
322,A1448,CENTRAL BANK OF MALAYSIA (AMENDMENT) ACT 2013,AKTA BANK NEGARA MALAYSIA (PINDAAN) 2013,18/01/2013,22/01/2013,,8-2-2013 [P.U. (B) 44/2013],https://lom.agc.gov.my/upload/portal/akta/outputaktap/20130122_A1448_BI_JW000084 A1448 (B1).pdf
323,A1447,PENSIONS ADJUSTMENT (AMENDMENT) ACT 2013,AKTA PENYELARASAN PENCEN (PINDAAN) 2013,27/12/2012,10/01/2013,,1/1/2013,https://lom.agc.gov.my/upload/portal/akta/outputaktap/20130110_1447_BI_Akta Penyelarasan Pencen (Pindaan) 2013 (BI).pdf
324,A1446,SUPPLY ACT 2013,AKTA PERBEKALAN 2013,22/12/2012,26/12/2012,,27-12-2012,https://lom.agc.gov.my/upload/portal/akta/outputaktap/20121226_A1446_BI_Act A1446 BI.pdf
325,A1445,EMPLOYEES' SOCIAL SECURITY (AMENDMENT) ACT 2012,AKTA KESELAMATAN SOSIAL PEKERJA (PINDAAN) 2012,20/12/2012,26/12/2012,,1-1-2013 [P.U. (B) 424/2012],https://lom.agc.gov.my/upload/portal/akta/outputaktap/876_BI/Act A1445 (1).pdf
326,A1444,LEGAL PROFESSION (AMENDMENT) ACT 2012,AKTA PROFESION UNDANG-UNDANG (PINDAAN) 2012,05/09/2012,20/09/2012,,3-6-2014 [P.U. (B) 262/2014],https://lom.agc.gov.my/upload/portal/akta/outputaktap/20120920_A1444_BI_BI A1444.pdf
327,A1443,MEDICAL (AMENDMENT) ACT 2012,AKTA PERUBATAN (PINDAAN) 2012,05/09/2012,20/09/2012,,01-07-2017 [P.U. (B) 333/2017],https://lom.agc.gov.my/upload/portal/akta/outputaktap/20120920_A1443_BI_JW003036 BI A1443.pdf
328,A1442,FRANCHISE (AMENDMENT) ACT 2012,AKTA FRANCAIS (PINDAAN) 2012,05/09/2012,20/09/2012,,1-1-2013 [P.U. (B) 387/2012],https://lom.agc.gov.my/upload/portal/akta/outputaktap/20120920_1442_BI_JW003036 BI A1442.pdf
329,A1441,ENVIRONMENTAL QUALITY (AMENDMENT) ACT 2012,AKTA KUALITI ALAM SEKELILING (PINDAAN) 2012,05/08/2012,16/08/2012,,2-1-2013 [P.U. (B) 429/2012],https://lom.agc.gov.my/upload/portal/akta/outputaktap/20120816_A1441_BI_A1441 BI.pdf
330,A1440,ROAD TRANSPORT (AMENDMENT) ACT 2012,AKTA PENGANGKUTAN JALAN (PINDAAN) 2012,05/08/2012,16/08/2012,,15.9.2012 [P.U. (B) 283/2012],https://lom.agc.gov.my/upload/portal/akta/outputaktap/871_BI/ACT A1440.pdf
331,A1439,SAFEGUARDS (AMENDMENT) ACT 2012,AKTA PELINDUNG (PINDAAN) 2012,05/08/2012,16/08/2012,,1.9.2013 [P.U.(B) 364/2013],https://lom.agc.gov.my/upload/portal/akta/outputaktap/20120816_1439_BI_A1439 BI.pdf
332,A1438,SUPPLEMENTARY SUPPLY (2012) ACT 2012,AKTA PERBEKALAN TAMBAHAN (2012) 2012,05/08/2012,16/08/2012,,17-8-2012,https://lom.agc.gov.my/upload/portal/akta/outputaktap/20120816_1438_BI_A1438 BI.pdf
333,A1437,CAPITAL MARKETS AND SERVICES (AMENDMENT) ACT 2012,AKTA PASARAN MODAL DAN PERKHIDMATAN (PINDAAN) 2012,03/07/2012,12/07/2012,,28-12-2012 [P.U. (B) 428/2012],https://lom.agc.gov.my/upload/portal/akta/outputaktap/20120712_1437_BI_JW002632 BI.pdf
334,A1436,PRINTING PRESSES AND PUBLICATIONS (AMENDMENT) ACT 2012,AKTA MESIN CETAK DAN PENERBITAN (PINDAAN) 2012,18/06/2012,22/06/2012,,15-7-2012 [P.U. (B) 223/2012],https://lom.agc.gov.my/upload/portal/akta/outputaktap/20120622_A1436_BI_Act A1436 BI-printing presses and publications (amendment).pdf
335,A1435,EDUCATIONAL INSTITUTIONS (DISCIPLINE) (AMENDMENT) ACT 2012,AKTA INSTITUSI-INSTITUSI PELAJARAN (TATATERTIB) (PINDAAN) 2012,18/06/2012,22/06/2012,,1-8-2012 [P.U.(B)259/2012],https://lom.agc.gov.my/upload/portal/akta/outputaktap/866_BI/ACT_A1435.pdf
336,A1434,PRIVATE HIGHER EDUCATIONAL INSTITUTIONS (AMENDMENT) ACT 2012,AKTA INSTITUSI PENDIDIKAN SWASTA (PINDAAN) 2012,18/06/2012,22/06/2012,,1-8-2012 [P.U.(B)258/2012],https://lom.agc.gov.my/upload/portal/akta/outputaktap/20120622_A1434_BI_Act A1434 BI-private higher educational institutions (amendment).pdf
337,A1433,UNIVERSITIES AND UNIVERSITY COLLEGES (AMENDMENT) ACT 2012,AKTA UNIVERSITI DAN KOLEJ UNIVERSITI (PINDAAN) 2012,18/06/2012,22/06/2012,,1-8-2012 [P.U. (B) 257/2012],https://lom.agc.gov.my/upload/portal/akta/outputaktap/Act A1433 (Act 30).pdf
338,A1432,EVIDENCE (AMENDMENT) (NO. 2) ACT 2012,AKTA KETERANGAN (PINDAAN) (NO. 2) 2012,18/06/2012,22/06/2012,,31-7-2012 [P.U. (B) 255/2012],https://lom.agc.gov.my/upload/portal/akta/outputaktap/20120622_A1432_BI_Act A1432 BI-evidence (amendment) (no. 2).pdf
339,A1431,CRIMINAL PROCEDURE CODE (AMENDMENT) (NO. 2) ACT 2012,AKTA KANUN TATACARA JENAYAH (PINDAAN) (NO. 2) 2012,18/06/2012,22/06/2012,,"31/7/2012 [P.U. (B) 254/2012] except sections 7, 8 and 9.",https://lom.agc.gov.my/upload/portal/akta/outputaktap/862_BI/Act A1431.pdf
340,A1430,PENAL CODE (AMENDMENT) ACT 2012,AKTA KANUN KESEKSAAN (PINDAAN) 2012,18/06/2012,22/06/2012,,31/7/2012 [P.U. (B) 253/2012],https://lom.agc.gov.my/upload/portal/akta/outputaktap/861_BI/035-Act A1430[1].pdf
341,A1429,INCOME TAX (AMENDMENT) ACT 2012,AKTA CUKAI PENDAPATAN (PINDAAN) 2012,18/06/2012,22/06/2012,,23/6/2012,https://lom.agc.gov.my/upload/portal/akta/outputaktap/860_BI/ACT A1429.pdf
342,A1428,LABUAN COMPANIES (AMENDMENT) ACT 2012,AKTA SYARIKAT LABUAN (PINDAAN) 2012,18/06/2012,22/06/2012,,1/8/2012 [P.U. (B) 260/2012],https://lom.agc.gov.my/upload/portal/akta/outputaktap/20120622_A1428_BI_Act A1428 BI-labuan companies (amendment).pdf
343,A1427,FINANCIAL REPORTING (AMENDMENT) ACT 2012,AKTA LAPORAN KEWANGAN (PINDAAN) 2012,18/06/2012,22/06/2012,,1/1/2012,https://lom.agc.gov.my/upload/portal/akta/outputaktap/20120622_A1427_BI_Act A1427 BI-financial reporting (amendment).pdf
344,A1426,SUPPLEMENTARY SUPPLY (2011) ACT 2012,AKTA PERBEKALAN TAMBAHAN (2011) 2012,15/05/2012,17/05/2012,,18/5/2012,https://lom.agc.gov.my/upload/portal/akta/outputaktap/20120517_ A1426_BI_Act A1426 BI.pdf
345,A1425,STANDARDS OF MALAYSIA (AMENDMENT) ACT 2012,AKTA STANDARD MALAYSIA (PINDAAN) 2012,02/02/2012,09/02/2012,,15/4/2012 [P.U. (B) 139/2012],https://lom.agc.gov.my/upload/portal/akta/outputaktap/20120209_A1425_BI_JW001763 Act A1425-BI.pdf
346,A1424,EVIDENCE (AMENDMENT) ACT 2012,AKTA KETERANGAN (PINDAAN) 2012,02/02/2012,09/02/2012,,"1/6/2012 - refer section 2 and [P.U. (B) 189/2012) and, refer Section 3 and [P.U. (B) 191/2012]",https://lom.agc.gov.my/upload/portal/akta/outputaktap/20120209_A1424_BI_JW001763 Act A1424-BI.pdf
347,A1423,CRIMINAL PROCEDURE CODE (AMENDMENT) ACT 2012,AKTA KANUN TATACARA JENAYAH (PINDAAN) 2012,02/02/2012,09/02/2012,,1/6/2012 [P.U. (B) 190/2012],https://lom.agc.gov.my/upload/portal/akta/outputaktap/854_BI/Act A1423.pdf
348,A1422,CRIMINAL PROCEDURE CODE (AMENDMENT) ACT 2010 (AMENDMENT) ACT 2012,AKTA KANUN TATACARA JENAYAH (PINDAAN) 2010 (PINDAAN) 2012,02/02/2012,09/02/2012,,1/6/2012 - (Act A1378 comes into operation on 1/6/2012 [P.U. (B) 189/2012]),https://lom.agc.gov.my/upload/portal/akta/outputaktap/853_BI/Act A1422.pdf
349,A1421,POLICE (AMENDMENT) ACT 2012,AKTA POLIS (PINDAAN) 2012,02/02/2012,09/02/2012,,23/4/2012 [P.U. (B) 148/2012],https://lom.agc.gov.my/upload/portal/akta/outputaktap/20120209_A1421_BI_JW001763 Act A1421 (2) -BI.pdf
350,A1420,COPYRIGHT (AMENDMENT) ACT 2012,AKTA HAK CIPTA (PINDAAN) 2012,02/02/2012,09/02/2012,,1/3/2012 [P.U. (B) 58/2012],https://lom.agc.gov.my/upload/portal/akta/outputaktap/20120209_A1420_BI_JW001763 Act A1420-BI.pdf
351,A1419,EMPLOYMENT (AMENDMENT) ACT 2012,AKTA KERJA (PINDAAN) 2012,30/01/2012,09/02/2012,,1/4/2012 [P.U. (B) 85/2012],https://lom.agc.gov.my/upload/portal/akta/outputaktap/20120209_A1419_BI_JW001762 Act A1419(BI).pdf
352,A1418,INLAND REVENUE BOARD OF MALAYSIA (AMENDMENT) ACT 2012,AKTA LEMBAGA HASIL DALAM NEGERI MALAYSIA (PINDAAN) 2012,30/01/2012,09/02/2012,,10/2/2012. Section 3 is deemed to have come into operation on 1/11/2011,https://lom.agc.gov.my/upload/portal/akta/outputaktap/20120209_A1418_BI_JW001762 Act A1418(BI).pdf
353,A1417,FEDERAL AGRICULTURAL MARKETING AUTHORITY (AMENDMENT) ACT 2012,AKTA LEMBAGA PEMASARAN PERTANIAN PERSEKUTUAN (PINDAAN) 2012,30/01/2012,09/02/2012,,1/7/2012 [P.U. (B) 205/2012],https://lom.agc.gov.my/upload/portal/akta/outputaktap/20120209_A1417_BI_JW001762 Act A1417(BI).pdf
354,A1416,LEMBAGA KEMAJUAN IKAN MALAYSIA (AMENDMENT) ACT 2012,AKTA LEMBAGA KEMAJUAN IKAN MALAYSIA (PINDAAN) 2012,30/01/2012,09/02/2012,,1/7/2012 [P.U. (B) 204/2012],https://lom.agc.gov.my/upload/portal/akta/outputaktap/20120209_A1416_BI_JW001762 Act A1416(BI).pdf
355,A1415,HOUSING DEVELOPMENT (CONTROL AND LICENSING) (AMENDMENT) ACT 2012,AKTA PEMAJUAN PERUMAHAN (KAWALAN DAN PELESENAN) (PINDAAN) 2012,30/01/2012,09/02/2012,,1/6/2015 [P.U. (B) 234/2015],https://lom.agc.gov.my/upload/portal/akta/outputaktap/20120209_A1415_BI_JW001762 Act A1415(BI).pdf
356,A1414,DOMESTIC VIOLENCE (AMENDMENT) ACT 2012,AKTA KEGANASAN RUMAH TANGGA (PINDAAN) 2012,30/01/2012,09/02/2012,,20/2/2012 [P.U. (B) 56/2012],https://lom.agc.gov.my/upload/portal/akta/outputaktap/20120209_A1414_BI_JW001762 Act A1414(BI).pdf
357,A1413,FISHERIES (AMENDMENT) ACT 2012,AKTA PERIKANAN (PINDAAN) 2012,30/01/2012,09/02/2012,,1/7/2012 [P.U. (B) 203/2012],https://lom.agc.gov.my/upload/portal/akta/outputaktap/Act A1413 - AMENDMENT 2012.pdf
358,A1412,JUDGES' REMUNERATION (AMENDMENT) (NO. 2) ACT 2011,AKTA SARAAN HAKIM (PINDAAN) (NO. 2) 2011,30/12/2011,31/12/2011,,1/1/2012,https://lom.agc.gov.my/upload/portal/akta/outputaktap/843_BI/ACT A1412.pdf
359,A1411,PENSIONS ADJUSTMENT (AMENDMENT) ACT 2011,AKTA PENYELARASAN PENCEN (PINDAAN) 2011,30/12/2011,31/12/2011,,1/1/2012,https://lom.agc.gov.my/upload/portal/akta/outputaktap/20111231_A1411_BI_JW001644 (Act A1411).pdf
360,A1410,STATUTORY AND LOCAL AUTHORITIES PENSIONS (AMENDMENT) ACT 2011,AKTA PENCEN PIHAK BERKUASA BERKANUN DAN TEMPATAN (PINDAAN) 2011,30/12/2011,31/12/2011,,1/1/2012,https://lom.agc.gov.my/upload/portal/akta/outputaktap/20111231_A1410_BI_JW001644 (Act A1410).pdf
361,A1409,PENSIONS (AMENDMENT) ACT 2011,AKTA PENCEN (PINDAAN) 2011,30/12/2011,31/12/2011,,1/1/2012,https://lom.agc.gov.my/upload/portal/akta/outputaktap/20111231_1409_BI_JW001644  (Act 1409).pdf
362,A1408,SUPPLY ACT 2012,AKTA PERBEKALAN 2012,25/12/2011,30/12/2011,,31/12/2011,https://lom.agc.gov.my/upload/portal/akta/outputaktap/20111230_1408_BI_A1408 BI.pdf
363,A1407,LEMBAGA PEMBANGUNAN INDUSTRI PEMBINAAN MALAYSIA (AMENDMENT) ACT 2011,AKTA LEMBAGA PEMBANGUNAN INDUSTRI PEMBINAAN MALAYSIA (PINDAAN) 2011,26/08/2011,15/09/2011,,1/6/2015 [P.U. (B) 232/2015],https://lom.agc.gov.my/upload/portal/akta/outputaktap/20110915_A1407_BI_A1407 (BI).pdf
364,A1406,CAPITAL MARKETS AND SERVICES (AMENDMENT) ACT 2011,AKTA PASARAN MODAL DAN PERKHIDMATAN (PINDAAN) 2011,26/08/2011,15/09/2011,,3/10/2011 [P.U. (B) 518/2011] except paragraph 25(a). 3/10/2014 [P.U. (B) 395/2013] Subdivision 4 of Division 3 of Part III,https://lom.agc.gov.my/upload/portal/akta/outputaktap/20110915_A1406_BI_A1406 (BI).pdf
365,A1405,INTERNATIONAL ORGANIZATIONS (PRIVILEGES AND IMMUNITIES) (AMENDMENT) ACT 2011,AKTA ORGANISASI ANTARABANGSA (KEISTIMEWAAN DAN KEKEBALAN) (PINDAAN) 2011,26/08/2011,15/09/2011,,16/09/2011,https://lom.agc.gov.my/upload/portal/akta/outputaktap/20110915_A1405_BI_A1405 (BI).pdf
366,A1404,"VALUERS, APPRAISERS AND ESTATE AGENTS (AMENDMENT) ACT 2011","AKTA PENILAI, PENTAKSIR DAN EJEN HARTA TANAH (PINDAAN) 2011",05/08/2011,18/08/2011,,19/08/2011,https://lom.agc.gov.my/upload/portal/akta/outputaktap/20110818_A1404_BI_A1404 BI.pdf
367,A1403,SECURITIES COMMISSION (AMENDMENT) ACT 2011,AKTA SURUHANJAYA SEKURITI (PINDAAN) 2011,05/08/2011,18/08/2011,,03/10/2011 [P.U. (B) 517/2011],https://lom.agc.gov.my/upload/portal/akta/outputaktap/20110818_A1403_BI_A1403 BI.pdf
368,A1402,PETROLEUM (INCOME TAX) (AMENDMENT) ACT 2011,AKTA PETROLEUM (CUKAI PENDAPATAN) (PINDAAN) 2011,05/08/2011,18/08/2011,,30/11/2010,https://lom.agc.gov.my/upload/portal/akta/outputaktap/834_BI/ACT A1402.pdf
369,A1401,JUDGES' REMUNERATION (AMENDMENT) ACT 2011,AKTA SARAAN HAKIM (PINDAAN) 2011,05/08/2011,18/08/2011,,"[sections 2,3,5,6 and 7 : 1-1-2009]; [section 4 : 28-8-2008]",https://lom.agc.gov.my/upload/portal/akta/outputaktap/833_BI/ACT A1401.pdf
370,A1400,PROMOTION OF INVESTMENTS (AMENDMENT) ACT 2011,AKTA PENGGALAKAN PELABURAN (PINDAAN) 2011,05/08/2011,18/08/2011,,"1/1/2009 - sections 2,3,5,6 and 7. 28/8/2008 - section 4",https://lom.agc.gov.my/upload/portal/akta/outputaktap/11.Act A1400.pdf
371,A1399,MALAYSIAN INDUSTRIAL DEVELOPMENT AUTHORITY (INCORPORATION) (AMENDMENT) ACT 2011,AKTA LEMBAGA KEMAJUAN PERINDUSTRIAN MALAYSIA (PEMERBADANAN) (PINDAAN) 2011,05/08/2011,18/08/2011,,19/08/2011,https://lom.agc.gov.my/upload/portal/akta/outputaktap/20110818_A1399_BI_A1399 BI.pdf
372,A1398,CO-OPERATIVE COLLEGE (INCORPORATION) (AMENDMENT) ACT 2011,AKTA MAKTAB KERJASAMA (PERBADANAN) (PINDAAN) 2011,05/08/2011,18/08/2011,,01/09/2011 [P.U. (B) 494/2011],https://lom.agc.gov.my/upload/portal/akta/outputaktap/829_BI/ACT A1398.pdf
373,A1397,KOOTU FUNDS (PROHIBITION) (AMENDMENT) ACT 2011,AKTA (LARANGAN) KUMPULAN WANG KUTU (PINDAAN) 2011,18/07/2011,21/07/2011,,16/08/2011 [P.U. (B) 458/2011],https://lom.agc.gov.my/upload/portal/akta/outputaktap/20110721_1397_BI_kawalan kutu - A1397 BI.pdf
374,A1396,SUPPLEMENTARY SUPPLY (2011) ACT 2011,AKTA PERBEKALAN TAMBAHAN (2011) 2011,18/07/2011,21/07/2011,,22/07/2011,https://lom.agc.gov.my/upload/portal/akta/outputaktap/20110721_1396_BI_Perbekalan Tambahan (2011) 2011 - A1396 BI.pdf
375,A1395,ARBITRATION (AMENDMENT) ACT 2011,AKTA TIMBANG TARA (PINDAAN) 2011,23/05/2011,02/06/2011,,01/07/2011 [P.U. (B) 342/2011],https://lom.agc.gov.my/upload/portal/akta/outputaktap/826_BI/Act A1395.pdf
376,A1394,MERCHANT SHIPPING (OIL POLLUTION) (AMENDMENT) ACT 2011,AKTA PERKAPALAN SAUDAGAR (PENCEMARAN MINYAK) (PINDAAN) 2011,23/05/2011,02/06/2011,,1/3/2014 [P.U. (B) 66/2014],https://lom.agc.gov.my/upload/portal/akta/outputaktap/20110602_A1394_BI_Act A1394 BI.pdf
377,A1393,MERCHANT SHIPPING (AMENDMENT AND EXTENSION) ACT 2011,AKTA PERKAPALAN SAUDAGAR (PINDAAN DAN PERLUASAN) 2011,23/05/2011,02/06/2011,,1/3/2014 [P.U. (B) 65/2014] - (Peninsular Malaysia & Federal Teritory of Labuan),https://lom.agc.gov.my/upload/portal/akta/outputaktap/20110602_A1393_BI_Act A1393BI.pdf
378,A1392,SUPPLEMENTARY SUPPLY (2010) ACT 2011,AKTA PERBEKALAN TAMBAHAN (2010) 2011,23/05/2011,02/06/2011,,06/03/2011,https://lom.agc.gov.my/upload/portal/akta/outputaktap/20110602_A1392_BI_Act A1392 BI.pdf
